Year,Team,Player,Team,AHP_bat,AHP_bowl,AHP_bat+bowl
2008,CSK,MS Gony,CSK,0.47596155163093284,0.776761248109953,1.2527227997408859
2008,CSK,JA Morkel,CSK,0.4805451454207811,0.6571220861978668,1.1376672316186478
2008,CSK,M Muralitharan,CSK,0.0034024675568468635,0.7681507174329493,0.7715531849897961
2008,CSK,JDP Oram,CSK,0.39004745258455353,0.3743910319651507,0.7644384845497043
2008,CSK,Joginder Sharma,CSK,0.3368670513825934,0.4184621238298648,0.7553291752124582
2008,CSK,MEK Hussey,CSK,0.7203378898907744,0.0,0.7203378898907744
2008,CSK,M Ntini,CSK,0.17752792537724194,0.5255852931819819,0.7031132185592238
2008,CSK,SK Raina,CSK,0.5011640109989929,0.18558301354933984,0.6867470245483327
2008,CSK,ML Hayden,CSK,0.5835680684616327,0.0,0.5835680684616327
2008,CSK,S Vidyut,CSK,0.37276098334136104,0.15997992315044618,0.5327409064918072
2008,CSK,L Balaji,CSK,0.0034024675568468635,0.49776327867327036,0.5011657462301172
2008,DC,RP Singh,DC,0.28260204873798295,0.6982481093214578,0.9808501580594406
2008,DC,Shahid Afridi,DC,0.42562827218197724,0.4545800642214173,0.8802083364033946
2008,DC,Y Venugopal Rao,DC,0.4670307101170837,0.40568052110623876,0.8727112312233225
2008,DC,A Symonds,DC,0.6753275379785247,0.16529353658152418,0.8406210745600489
2008,DC,SB Styris,DC,0.28954323664844084,0.53375115171404,0.8232943883624808
2008,DC,SB Bangar,DC,0.2485824382931504,0.47935063729959554,0.727933075592746
2008,DC,DP Vijaykumar,DC,0.20666197818704496,0.4666599410905023,0.6733219192775473
2008,DC,RG Sharma,DC,0.5002774575224224,0.17171422428534064,0.671991681807763
2008,DC,PP Ojha,DC,0.11755923135944694,0.5324251378251593,0.6499843691846062
2008,DC,DNT Zoysa,DC,0.30018199379802935,0.32172152948877686,0.6219035232868062
2008,DC,WPUJC Vaas,DC,0.27803755023642096,0.3292049946051322,0.6072425448415532
2008,DD,MF Maharoof,DD,0.4344379944158223,0.5069004098528317,0.941338404268654
2008,DD,GD McGrath,DD,0.18771227002817234,0.7116049284951474,0.8993171985233198
2008,DD,V Sehwag,DD,0.5662276228682871,0.3192697578814895,0.8854973807497766
2008,DD,VY Mahesh,DD,0.1597297896441895,0.5973064733602519,0.7570362630044414
2008,DD,R Bhatia,DD,0.32823697552559206,0.3850631628199563,0.7133001383455484
2008,DD,Mohammad Asif,DD,0.11340466375903484,0.5106133312924119,0.6240179950514467
2008,DD,Shoaib Malik,DD,0.29474211930309396,0.2774258650890744,0.5721679843921683
2008,DD,A Mishra,DD,0.2405705388394574,0.32433032123111655,0.5649008600705739
2008,DD,PJ Sangwan,DD,0.09110989738673259,0.4389812996532222,0.5300911970399548
2008,DD,G Gambhir,DD,0.5118732707975694,0.0,0.5118732707975694
2008,DD,S Dhawan,DD,0.44520649061040446,0.0,0.44520649061040446
2008,KKR,I Sharma,KKR,0.26748750663640686,0.632033141383107,0.8995206480195138
2008,KKR,Umar Gul,KKR,0.4816984467813026,0.36552584217493533,0.8472242889562379
2008,KKR,DJ Hussey,KKR,0.4176198802609517,0.38620049376976673,0.8038203740307184
2008,KKR,SC Ganguly,KKR,0.3990497110001404,0.3325024427199723,0.7315521537201127
2008,KKR,AB Agarkar,KKR,0.30150153468936197,0.4162237885335206,0.7177253232228826
2008,KKR,BB McCullum,KKR,0.7013428112905963,0.0,0.7013428112905963
2008,KKR,AB Dinda,KKR,0.11817760339798392,0.5522243623038513,0.6704019657018352
2008,KKR,LR Shukla,KKR,0.3948806230468831,0.2684616111875352,0.6633422342344183
2008,KKR,M Kartik,KKR,0.2764114430649874,0.3365504437502215,0.6129618868152089
2008,KKR,Mohammad Hafeez,KKR,0.21920422108161156,0.26351915423488315,0.4827233753164947
2008,KKR,WP Saha,KKR,0.44031162266440016,0.0,0.44031162266440016
2008,KXIP,PP Chawla,KXIP,0.42791572230718233,0.640148511878147,1.0680642341853295
2008,KXIP,IK Pathan,KXIP,0.35350880760233866,0.691523159165916,1.0450319667682546
2008,KXIP,LA Pomersbach,KXIP,1.0,0.0,1.0
2008,KXIP,VRV Singh,KXIP,0.2828802980301482,0.6781004300360773,0.9609807280662255
2008,KXIP,JR Hopes,KXIP,0.4241204229633644,0.4768967847359155,0.90101720769928
2008,KXIP,Yuvraj Singh,KXIP,0.4710624248833137,0.24299526681027775,0.7140576916935915
2008,KXIP,SM Katich,KXIP,0.7131118098731706,0.0,0.7131118098731706
2008,KXIP,S Sreesanth,KXIP,0.009354139049754292,0.6944593937438259,0.7038135327935802
2008,KXIP,B Lee,KXIP,0.3474099499812176,0.3093206756487052,0.6567306256299228
2008,KXIP,SE Marsh,KXIP,0.6228739305433194,0.0,0.6228739305433194
2008,KXIP,RR Powar,KXIP,0.2705828876617473,0.2753008272494837,0.545883714911231
2008,MI,SM Pollock,MI,0.37216065847158597,0.6219555459298934,0.9941162044014794
2008,MI,ST Jayasuriya,MI,0.5685471616790373,0.3952722378912169,0.9638193995702542
2008,MI,DJ Bravo,MI,0.4203009862244619,0.4350546274001615,0.8553556136246234
2008,MI,AM Nayar,MI,0.44388102096563414,0.3331954295518205,0.7770764505174547
2008,MI,CRD Fernando,MI,0.4043964491347288,0.33698026566289085,0.7413767147976196
2008,MI,A Nehra,MI,0.07197625676787656,0.6186127094958243,0.6905889662637008
2008,MI,Harbhajan Singh,MI,0.43025968835955386,0.22274608985208952,0.6530057782116434
2008,MI,SD Chitnis,MI,0.40725746619434805,0.21998021812528595,0.627237684319634
2008,MI,DR Smith,MI,0.3014386733569209,0.23012380892919035,0.5315624822861112
2008,MI,RR Raje,MI,0.18731882782911055,0.31629517409302643,0.503614001922137
2008,MI,MA Khote,MI,0.28125203768131984,0.19853853696194035,0.4797905746432602
2008,RCB,JH Kallis,RCB,0.3328226039732123,0.6350677665079946,0.9678903704812069
2008,RCB,P Kumar,RCB,0.3157467108129937,0.6276911108561838,0.9434378216691774
2008,RCB,B Akhil,RCB,0.3872511717588919,0.4361704575632713,0.8234216293221632
2008,RCB,Z Khan,RCB,0.22071839320351255,0.5956980901474821,0.8164164833509946
2008,RCB,A Kumble,RCB,0.19727091439882605,0.5834548106332974,0.7807257250321235
2008,RCB,R Vinay Kumar,RCB,0.2774445331028789,0.40810087996667943,0.6855454130695584
2008,RCB,DW Steyn,RCB,0.09513073698211644,0.5342697762362705,0.6294005132183869
2008,RCB,LRPL Taylor,RCB,0.5477328957369914,0.0,0.5477328957369914
2008,RCB,V Kohli,RCB,0.3137751931593619,0.2284458434632264,0.5422210366225884
2008,RCB,SB Joshi,RCB,0.10529845212867638,0.39533370629584047,0.5006321584245168
2008,RCB,CL White,RCB,0.32095199102944066,0.17674049692821872,0.4976924879576594
2008,RR,SR Watson,RR,0.563401314687365,0.7082064110106683,1.2716077256980332
2008,RR,SK Warne,RR,0.32164478957837195,0.6938939339485676,1.0155387235269395
2008,RR,YK Pathan,RR,0.5459305276759412,0.44569995976692867,0.9916304874428699
2008,RR,Sohail Tanvir,RR,0.31739053930102556,0.567379424112582,0.8847699634136076
2008,RR,SK Trivedi,RR,0.11478077803702387,0.6625274261307221,0.777308204167746
2008,RR,MM Patel,RR,0.005951671492907428,0.7299726793897253,0.7359243508826327
2008,RR,D Salunkhe,RR,0.3582874571391208,0.3713718289222973,0.7296592860614182
2008,RR,GC Smith,RR,0.49802948887521375,0.0,0.49802948887521375
2008,RR,NK Patel,RR,0.49712598009771297,0.0,0.49712598009771297
2008,RR,RA Jadeja,RR,0.37643396199558704,0.08763226546947778,0.4640662274650648
2008,RR,Kamran Akmal,RR,0.46203052947381035,0.0,0.46203052947381035
2009,CSK,JA Morkel,CSK,0.4157338110406959,0.5688454364374456,0.9845792474781414
2009,CSK,SK Raina,CSK,0.4642434036057131,0.4141084214134928,0.878351825019206
2009,CSK,M Muralitharan,CSK,0.2304035353030604,0.640989689066361,0.8713932243694213
2009,CSK,SB Jakati,CSK,0.36250815152374116,0.43570142298384656,0.7982095745075877
2009,CSK,MS Gony,CSK,0.4105751819385945,0.35011924084662516,0.7606944227852197
2009,CSK,A Flintoff,CSK,0.3815900375892504,0.33094942718846676,0.7125394647777172
2009,CSK,L Balaji,CSK,0.09895586625393958,0.5408491492367671,0.6398050154907067
2009,CSK,JDP Oram,CSK,0.27891870897431353,0.30591577375281415,0.5848344827271277
2009,CSK,ML Hayden,CSK,0.5624003057922148,0.0,0.5624003057922148
2009,CSK,Joginder Sharma,CSK,0.31791032137630376,0.21892672262454368,0.5368370440008474
2009,CSK,MS Dhoni,CSK,0.4804687056028212,0.0,0.4804687056028212
2009,DC,DR Smith,DC,0.47020711915759966,0.5669776441764285,1.037184763334028
2009,DC,RP Singh,DC,0.1220374202106543,0.7687274201376216,0.890764840348276
2009,DC,A Symonds,DC,0.4840233376384412,0.3802285746508846,0.8642519122893257
2009,DC,RJ Harris,DC,0.3424247220429665,0.4945281785050973,0.8369529005480638
2009,DC,RG Sharma,DC,0.40304189405511115,0.36107086972068864,0.7641127637757998
2009,DC,PP Ojha,DC,0.042885703966430405,0.6924948719322819,0.7353805758987123
2009,DC,TL Suman,DC,0.39188769862435047,0.28330685352183105,0.6751945521461815
2009,DC,WPUJC Vaas,DC,0.426090486778793,0.2067544964220996,0.6328449832008927
2009,DC,Y Venugopal Rao,DC,0.30797473165900485,0.3096326089340234,0.6176073405930282
2009,DC,SB Styris,DC,0.4164834721420725,0.19157311958738316,0.6080565917294556
2009,DC,FH Edwards,DC,0.18430980247132545,0.3913629765643815,0.575672779035707
2009,DD,A Mishra,DD,0.3151709434294625,0.5752254279704397,0.8903963713999022
2009,DD,A Nehra,DD,0.20666197818704496,0.6714128494724042,0.8780748276594492
2009,DD,PJ Sangwan,DD,0.16241682299380628,0.6327881450469021,0.7952049680407083
2009,DD,DL Vettori,DD,0.3007650577465451,0.3838944129116797,0.6846594706582247
2009,DD,TM Dilshan,DD,0.47443939829951925,0.19612141238950392,0.6705608106890232
2009,DD,DP Nannes,DD,0.0,0.662690933576661,0.662690933576661
2009,DD,V Sehwag,DD,0.41013446959196487,0.18370494738461227,0.5938394169765772
2009,DD,AB de Villiers,DD,0.5352525995310576,0.0,0.5352525995310576
2009,DD,MF Maharoof,DD,0.3000588777083621,0.21174281716337004,0.5118016948717321
2009,DD,KD Karthik,DD,0.4661121170477775,0.0,0.4661121170477775
2009,DD,R Bhatia,DD,0.11204405689717278,0.3406953444031081,0.4527394013002809
2009,KKR,CH Gayle,KKR,0.38759317003467036,0.6868918971655389,1.0744850672002093
2009,KKR,AB Agarkar,KKR,0.3999797997062896,0.5231172501634981,0.9230970498697877
2009,KKR,I Sharma,KKR,0.29152145293405224,0.5923375089154889,0.8838589618495412
2009,KKR,BJ Hodge,KKR,0.45566184254012404,0.3460954955288455,0.8017573380689695
2009,KKR,M Kartik,KKR,0.21669749352175183,0.5603255817919561,0.777023075313708
2009,KKR,MC Henriques,KKR,0.2841042553085549,0.3439817929361622,0.628086048244717
2009,KKR,SC Ganguly,KKR,0.2932435255947736,0.32812579982591733,0.6213693254206909
2009,KKR,AB Dinda,KKR,0.14461926515138962,0.4503770538808737,0.5949963190322634
2009,KKR,LR Shukla,KKR,0.2876565832707765,0.303611260251448,0.5912678435222245
2009,KKR,DJ Hussey,KKR,0.45424621184631386,0.09757257277843903,0.5518187846247529
2009,KKR,MN van Wyk,KKR,0.5177253117090803,0.0,0.5177253117090803
2009,KXIP,IK Pathan,KXIP,0.37228823577514464,0.6738704970582912,1.0461587328334359
2009,KXIP,PP Chawla,KXIP,0.23144422070585588,0.6062580055937992,0.8377022262996551
2009,KXIP,Yuvraj Singh,KXIP,0.40166923148134936,0.3416236680647954,0.7432928995461447
2009,KXIP,RR Powar,KXIP,0.3240177399367374,0.3553056107157573,0.6793233506524947
2009,KXIP,B Lee,KXIP,0.23945288022931516,0.3309578462332863,0.5704107264626015
2009,KXIP,S Sreesanth,KXIP,0.061688923661869406,0.3992794107350386,0.460968334396908
2009,KXIP,DPMD Jayawardene,KXIP,0.45942841654197425,0.0,0.45942841654197425
2009,KXIP,YA Abdulla,KXIP,0.0,0.43660204145564735,0.43660204145564735
2009,KXIP,K Goel,KXIP,0.2836938110593577,0.12981860027590655,0.4135124113352643
2009,KXIP,RS Bopara,KXIP,0.37132769489635287,0.03762911238120398,0.40895680727755684
2009,KXIP,VRV Singh,KXIP,0.0,0.3938782130759518,0.3938782130759518
2009,MI,Harbhajan Singh,MI,0.3949892041151274,0.586351790616887,0.9813409947320144
2009,MI,DJ Bravo,MI,0.36838394804435964,0.48825020242659467,0.8566341504709543
2009,MI,JP Duminy,MI,0.4544568396212965,0.3050624919003093,0.7595193315216058
2009,MI,ST Jayasuriya,MI,0.351368071607772,0.339121512860367,0.690489584468139
2009,MI,RR Raje,MI,0.32692838027752513,0.33971881400966136,0.6666471942871866
2009,MI,SL Malinga,MI,0.009780770860147442,0.64689840274642,0.6566791736065674
2009,MI,AM Nayar,MI,0.38292985656039624,0.248108890825401,0.6310387473857972
2009,MI,DS Kulkarni,MI,0.13817300067568777,0.45174722584073723,0.589920226516425
2009,MI,SR Tendulkar,MI,0.4293018842073542,0.12483870725740248,0.5541405914647567
2009,MI,Z Khan,MI,0.1934396492600077,0.3505295220843934,0.5439691713444011
2009,MI,GR Napier,MI,0.2578538193588627,0.17884117914902894,0.4366949985078916
2009,RCB,JH Kallis,RCB,0.3900488236768487,0.7028039220091246,1.0928527456859731
2009,RCB,P Kumar,RCB,0.3656541094159403,0.6739454380030532,1.0395995474189934
2009,RCB,A Kumble,RCB,0.2610085419847413,0.7496060445770888,1.0106145865618301
2009,RCB,RE van der Merwe,RCB,0.34147481468259144,0.5005075149299157,0.8419823296125072
2009,RCB,R Vinay Kumar,RCB,0.280418227576335,0.4936472957862236,0.7740655233625586
2009,RCB,MK Pandey,RCB,0.6718716740315206,0.0,0.6718716740315206
2009,RCB,JD Ryder,RCB,0.2949158605878177,0.3489381382910575,0.6438539988788752
2009,RCB,KP Pietersen,RCB,0.307241231443108,0.2574049980901034,0.5646462295332114
2009,RCB,LRPL Taylor,RCB,0.4426524380182022,0.10013154190788963,0.5427839799260918
2009,RCB,B Akhil,RCB,0.2746226365753249,0.23605311985611063,0.5106757564314355
2009,RCB,V Kohli,RCB,0.3645237755380445,0.11090980634461536,0.47543358188265983
2009,RR,SK Warne,RR,0.2809162481524019,0.6690159166115107,0.9499321647639126
2009,RR,YK Pathan,RR,0.3962049396214755,0.5252831846396318,0.9214881242611073
2009,RR,MM Patel,RR,0.3193961490728012,0.4912819211815289,0.8106780702543301
2009,RR,RA Jadeja,RR,0.3805103032165783,0.3762136745831556,0.7567239777997339
2009,RR,J Botha,RR,0.34927769564073236,0.25507849908478625,0.6043561947255186
2009,RR,AD Mascarenhas,RR,0.2564031276966714,0.3277974907197297,0.584200618416401
2009,RR,SK Trivedi,RR,0.12929628191242645,0.34814924253862767,0.47744552445105415
2009,RR,AS Raut,RR,0.3641847407769519,0.10105479800663582,0.4652395387835877
2009,RR,Kamran Khan,RR,0.13674443398026723,0.30655399465607575,0.44329842863634294
2009,RR,LA Carseldine,RR,0.3440065210026401,0.07632566060978271,0.4203321816124228
2009,RR,T Henderson,RR,0.16882773188729364,0.24125346758817517,0.41008119947546884
2010,CSK,JA Morkel,CSK,0.44754393357400135,0.6678688134122395,1.115412746986241
2010,CSK,SK Raina,CSK,0.5483785532953822,0.39502726860727244,0.9434058219026547
2010,CSK,R Ashwin,CSK,0.20217041185304613,0.6322654937092869,0.8344359055623329
2010,CSK,S Tyagi,CSK,0.15350856576705685,0.6719195310027805,0.8254280967698373
2010,CSK,M Muralitharan,CSK,0.1077784604992995,0.6393843687613063,0.7471628292606058
2010,CSK,DE Bollinger,CSK,0.2184637442206602,0.44926752408093873,0.6677312683015989
2010,CSK,L Balaji,CSK,0.22959402591607797,0.39935131235494803,0.6289453382710259
2010,CSK,SB Jakati,CSK,0.005951671492907428,0.5391218039263083,0.5450734754192157
2010,CSK,M Vijay,CSK,0.5190813674160358,0.0,0.5190813674160358
2010,CSK,T Thushara,CSK,0.2328720543356485,0.2713604457651121,0.5042325001007606
2010,CSK,MS Gony,CSK,0.07876752377916375,0.409072724669427,0.48784024844859075
2010,DC,A Symonds,DC,0.4401959965259602,0.7054687649945881,1.1456647615205484
2010,DC,RG Sharma,DC,0.44770363224141824,0.4813805882324858,0.929084220473904
2010,DC,PP Ojha,DC,0.09799548270519401,0.7599820386835499,0.8579775213887438
2010,DC,RJ Harris,DC,0.29649278391095574,0.4518697879469766,0.7483625718579323
2010,DC,RP Singh,DC,0.12994920130860863,0.5996097901021459,0.7295589914107545
2010,DC,R Sharma,DC,0.2791447536319855,0.3741699311966227,0.6533146848286082
2010,DC,WPUJC Vaas,DC,0.22574854968222682,0.34304863424248083,0.5687971839247077
2010,DC,MR Marsh,DC,0.25553920041142403,0.29567170332512804,0.551210903736552
2010,DC,TL Suman,DC,0.43544931070218024,0.10276077742626956,0.5382100881284498
2010,DC,Jaskaran Singh,DC,0.1934396492600077,0.29270963289432184,0.4861492821543295
2010,DC,AC Gilchrist,DC,0.4432721729614077,0.0,0.4432721729614077
2010,DD,A Mishra,DD,0.21810349977090193,0.6932473335166851,0.911350833287587
2010,DD,PD Collingwood,DD,0.4654263415364855,0.2728369033670432,0.7382632449035287
2010,DD,MF Maharoof,DD,0.328789705780243,0.3986155702888108,0.7274052760690538
2010,DD,DL Vettori,DD,0.40100220047157725,0.3222913306460255,0.7232935311176028
2010,DD,MC Henriques,DD,0.49346069593710334,0.20734899860378228,0.7008096945408856
2010,DD,R Bhatia,DD,0.3278500184456911,0.35669412961293245,0.6845441480586236
2010,DD,PJ Sangwan,DD,0.19377368659163052,0.4775625035233819,0.6713361901150124
2010,DD,V Sehwag,DD,0.4857668873934745,0.12474794804663446,0.610514835440109
2010,DD,A Nehra,DD,0.3390603665240367,0.25828063789813377,0.5973410044221705
2010,DD,DP Nannes,DD,0.08548004745513216,0.5076500579682524,0.5931301054233845
2010,DD,AB McDonald,DD,0.259815390607033,0.3010870527229773,0.5609024433300103
2010,KKR,AD Mathews,KKR,0.43628676849454623,0.5670859774475324,1.0033727459420787
2010,KKR,AB Agarkar,KKR,0.466641925240119,0.43892340191424073,0.9055653271543598
2010,KKR,CH Gayle,KKR,0.4919015790690437,0.3449554499671468,0.8368570290361905
2010,KKR,M Kartik,KKR,0.255584163650592,0.5495675403120361,0.8051517039626281
2010,KKR,LR Shukla,KKR,0.36390964744559634,0.29311821440870456,0.6570278618543008
2010,KKR,SE Bond,KKR,0.1077784604992995,0.46301306901027,0.5707915295095695
2010,KKR,SC Ganguly,KKR,0.4507107297125998,0.11324258630532454,0.5639533160179243
2010,KKR,I Sharma,KKR,0.10389379897032375,0.43048638789514987,0.5343801868654736
2010,KKR,MK Tiwary,KKR,0.4087502799595136,0.12025973698047938,0.5290100169399929
2010,KKR,BJ Hodge,KKR,0.34414086317485726,0.17549781196042433,0.5196386751352816
2010,KKR,OA Shah,KKR,0.5145232445398169,0.0,0.5145232445398169
2010,KXIP,IK Pathan,KXIP,0.49089221499808333,0.6490271916054916,1.139919406603575
2010,KXIP,PP Chawla,KXIP,0.28039761981740946,0.6662417571865493,0.9466393770039587
2010,KXIP,Yuvraj Singh,KXIP,0.39336065482098115,0.38804326096232916,0.7814039157833104
2010,KXIP,S Sreesanth,KXIP,0.2669807485560137,0.443919377875633,0.7109001264316468
2010,KXIP,RS Bopara,KXIP,0.3995731379489645,0.2848412661680897,0.6844144041170541
2010,KXIP,RR Powar,KXIP,0.1536329702056284,0.45531994639257933,0.6089529165982077
2010,KXIP,VS Malik,KXIP,0.27051303221408074,0.3175183729590444,0.5880314051731251
2010,KXIP,SJ Srivastava,KXIP,0.11118092805614635,0.47117020552248917,0.5823511335786355
2010,KXIP,DPMD Jayawardene,KXIP,0.5316069470611466,0.0,0.5316069470611466
2010,KXIP,Bipul Sharma,KXIP,0.26400491280956,0.2638907951483257,0.5278957079578857
2010,KXIP,B Lee,KXIP,0.30315782954448306,0.20871461562642227,0.5118724451709054
2010,MI,Harbhajan Singh,MI,0.47208077176327196,0.6991806766709472,1.1712614484342192
2010,MI,Z Khan,MI,0.48917395391251034,0.6535824103756873,1.1427563642881977
2010,MI,KA Pollard,MI,0.5155807854934616,0.5236038346286954,1.039184620122157
2010,MI,R McLaren,MI,0.3110812613156059,0.6058992093245497,0.9169804706401555
2010,MI,SL Malinga,MI,0.20666197818704496,0.6534225817419383,0.8600845599289832
2010,MI,DJ Bravo,MI,0.2935416538902303,0.4965119282289518,0.7900535821191821
2010,MI,JP Duminy,MI,0.4010126839088284,0.22444841637998514,0.6254611002888135
2010,MI,R Sathish,MI,0.33804237949280375,0.2692186419159206,0.6072610214087244
2010,MI,CRD Fernando,MI,0.20368614244059124,0.32349224036313906,0.5271783828037303
2010,MI,SR Tendulkar,MI,0.5269609584310679,0.0,0.5269609584310679
2010,MI,ST Jayasuriya,MI,0.2622511035593845,0.25410856250241,0.5163596660617945
2010,RCB,JH Kallis,RCB,0.4981166863761596,0.7669939186829868,1.2651106050591463
2010,RCB,DW Steyn,RCB,0.1806940602043834,0.7618649367925348,0.9425589969969181
2010,RCB,A Kumble,RCB,0.12434658000325116,0.799712251596171,0.9240588315994221
2010,RCB,R Vinay Kumar,RCB,0.21423889647910718,0.63977890362099,0.8540178001000972
2010,RCB,KP Pietersen,RCB,0.5868285926022117,0.2417184208558381,0.8285470134580497
2010,RCB,P Kumar,RCB,0.12158007095483078,0.6444138440928958,0.7659939150477266
2010,RCB,V Kohli,RCB,0.45437354577097433,0.11514406784522957,0.5695176136162039
2010,RCB,CL White,RCB,0.4135516335575397,0.14191824464625094,0.5554698782037907
2010,RCB,RV Uthappa,RCB,0.5274273417545078,0.0,0.5274273417545078
2010,RCB,A Mithun,RCB,0.27610107614301066,0.22456319913967476,0.5006642752826854
2010,RCB,KP Appanna,RCB,0.1486401047467735,0.28529161304110595,0.4339317177878794
2010,RR,YK Pathan,RR,0.49960653191334536,0.5543989408859633,1.0540054727993087
2010,RR,SR Watson,RR,0.5070575738934984,0.3857029637136153,0.8927605376071137
2010,RR,SK Trivedi,RR,0.3430927301561603,0.5083614937456221,0.8514542239017824
2010,RR,SK Warne,RR,0.13621289107064088,0.6855628403174266,0.8217757313880676
2010,RR,SW Tait,RR,0.24457694144092043,0.47618643671139954,0.72076337815232
2010,RR,AP Dole,RR,0.3917363933562366,0.2590796740769948,0.6508160674332314
2010,RR,S Narwal,RR,0.27463508267957415,0.34858928316443444,0.6232243658440086
2010,RR,AC Voges,RR,0.47611796651935534,0.1451231356249227,0.6212411021442781
2010,RR,MM Patel,RR,0.18473643428171863,0.3150329901639922,0.4997694244457108
2010,RR,AD Mascarenhas,RR,0.30017369639519653,0.19879761135318572,0.4989713077483823
2010,RR,AA Jhunjhunwala,RR,0.34536896271217166,0.136384040548598,0.48175300326076964
2011,CSK,JA Morkel,CSK,0.4129453127736612,0.6263722154475523,1.0393175282212135
2011,CSK,SK Raina,CSK,0.4614526535158453,0.48926367613537763,0.9507163296512229
2011,CSK,R Ashwin,CSK,0.07772251993023362,0.792952914665454,0.8706754345956876
2011,CSK,DJ Bravo,CSK,0.42283606221881687,0.35140291795145506,0.7742389801702719
2011,CSK,DE Bollinger,CSK,0.002975835746453714,0.6294586214655795,0.6324344572120332
2011,CSK,SB Jakati,CSK,0.002975835746453714,0.6210709425341486,0.6240467782806023
2011,CSK,SB Styris,CSK,0.5047516024817975,0.10013154190788963,0.6048831443896872
2011,CSK,S Randiv,CSK,0.11222593190507649,0.4717288789420175,0.583954810847094
2011,CSK,MS Dhoni,CSK,0.5528097685933172,0.0,0.5528097685933172
2011,CSK,S Badrinath,CSK,0.5493977315484354,0.0,0.5493977315484354
2011,CSK,WP Saha,CSK,0.5279821968471802,0.0,0.5279821968471802
2011,DC,A Mishra,DC,0.3821951236469266,0.6951217668906634,1.07731689053759
2011,DC,DT Christian,DC,0.3557490731608853,0.631941034175159,0.9876901073360442
2011,DC,DW Steyn,DC,0.26133697181918203,0.6070478274771512,0.8683847992963333
2011,DC,I Sharma,DC,0.17544742408757857,0.6073475090345603,0.7827949331221389
2011,DC,JP Duminy,DC,0.35834296732144627,0.3542182019647867,0.712561169286233
2011,DC,S Dhawan,DC,0.45078169857657946,0.10162943264507808,0.5524111312216575
2011,DC,B Chipli,DC,0.3990814531242483,0.14888269510264449,0.5479641482268928
2011,DC,PP Ojha,DC,0.0,0.5256850524391301,0.5256850524391301
2011,DC,I Malhotra,DC,0.3542188724611944,0.16977604647182515,0.5239949189330195
2011,DC,DB Ravi Teja,DC,0.3990567157341214,0.07227374008231544,0.47133045581643684
2011,DC,KC Sangakkara,DC,0.4081605025667399,0.0,0.4081605025667399
2011,DD,M Morkel,DD,0.4253917293688219,0.5950325713370263,1.0204243007058482
2011,DD,IK Pathan,DD,0.3376787819720147,0.6309700218180304,0.9686488037900451
2011,DD,JR Hopes,DD,0.4490379679764001,0.5105430486527572,0.9595810166291574
2011,DD,AB Agarkar,DD,0.27165924693312044,0.4365696515708024,0.7082288985039229
2011,DD,Y Nagar,DD,0.32346585148698853,0.31772354056864055,0.6411893920556291
2011,DD,V Sehwag,DD,0.5612533057597278,0.0,0.5612533057597278
2011,DD,UT Yadav,DD,0.050967836047905085,0.4905882963066872,0.5415561323545923
2011,DD,Y Venugopal Rao,DD,0.4079979015671903,0.1097252278826631,0.5177231294498534
2011,DD,RE van der Merwe,DD,0.18752486134318522,0.26537797642126465,0.45290283776444984
2011,DD,DA Warner,DD,0.3879945823304606,0.0,0.3879945823304606
2011,DD,S Nadeem,DD,0.006378303303300578,0.36260312682061613,0.3689814301239167
2011,KKR,L Balaji,KKR,0.4073722848811825,0.6347880216643804,1.042160306545563
2011,KKR,YK Pathan,KKR,0.4411776747891563,0.5313253838372681,0.9725030586264245
2011,KKR,Iqbal Abdulla,KKR,0.2568395548605793,0.6512087710318121,0.9080483258923914
2011,KKR,B Lee,KKR,0.13078072088799805,0.7197610198703317,0.8505417407583298
2011,KKR,JH Kallis,KKR,0.4281527119034597,0.3857596255319464,0.8139123374354061
2011,KKR,R Bhatia,KKR,0.28296957278539314,0.4722885377739462,0.7552581105593393
2011,KKR,Shakib Al Hasan,KKR,0.33797209787667043,0.3860616682667809,0.7240337661434513
2011,KKR,RN ten Doeschate,KKR,0.5420029576921453,0.058344839169528324,0.6003477968616737
2011,KKR,MK Tiwary,KKR,0.49238727263505827,0.09927855219807277,0.591665824833131
2011,KKR,G Gambhir,KKR,0.43911552265602055,0.0,0.43911552265602055
2011,KKR,BJ Haddin,KKR,0.4114525958940571,0.0,0.4114525958940571
2011,KTK,RA Jadeja,KTK,0.42466016262383716,0.6073325922277858,1.031992754851623
2011,KTK,R Vinay Kumar,KTK,0.27139391129652196,0.6136881980083418,0.8850821093048638
2011,KTK,RP Singh,KTK,0.11902292682793647,0.6665921315054565,0.785615058333393
2011,KTK,BJ Hodge,KTK,0.4438396638204797,0.21840081885426121,0.6622404826747409
2011,KTK,NLTC Perera,KTK,0.22806263190140935,0.36903590062665154,0.5970985325280609
2011,KTK,M Muralitharan,KTK,0.12841977743028965,0.4660587955384832,0.5944785729687728
2011,KTK,RR Powar,KTK,0.22809731500721112,0.35049909902950266,0.5785964140367138
2011,KTK,RV Gomez,KTK,0.25065680049456407,0.29652073842239474,0.5471775389169589
2011,KTK,P Parameswaran,KTK,0.20368614244059124,0.32623234736887785,0.5299184898094691
2011,KTK,S Sreesanth,KTK,0.03387678982636148,0.4740874547675492,0.5079642445939107
2011,KTK,B Akhil,KTK,0.35069893101056704,0.09579632696987599,0.44649525798044304
2011,KXIP,P Kumar,KXIP,0.2360833307874866,0.6420907184965482,0.8781740492840349
2011,KXIP,PC Valthaty,KXIP,0.4775078720839285,0.3979317091419496,0.8754395812258781
2011,KXIP,RJ Harris,KXIP,0.2083563565118871,0.6434133884827657,0.8517697449946529
2011,KXIP,PP Chawla,KXIP,0.2641744416231282,0.5797778254126794,0.8439522670358076
2011,KXIP,R McLaren,KXIP,0.334448031406996,0.362314038437721,0.696762069844717
2011,KXIP,SJ Srivastava,KXIP,0.27355872340820103,0.355659075073961,0.6292177984821621
2011,KXIP,Bipul Sharma,KXIP,0.36766690843533184,0.24189311837058558,0.6095600268059174
2011,KXIP,AM Nayar,KXIP,0.24909992449753024,0.3076101926311673,0.5567101171286976
2011,KXIP,SE Marsh,KXIP,0.5233588689725818,0.0,0.5233588689725818
2011,KXIP,DJ Hussey,KXIP,0.27552489250751067,0.22037292116675516,0.49589781367426583
2011,KXIP,BA Bhatt,KXIP,0.0034024675568468635,0.4346581454634241,0.43806061302027094
2011,MI,Harbhajan Singh,MI,0.46765882125313957,0.698390283635994,1.1660491048891335
2011,MI,SL Malinga,MI,0.20255156932532428,0.8029799398610002,1.0055315091863246
2011,MI,KA Pollard,MI,0.3243652826967905,0.6128764995301127,0.9372417822269032
2011,MI,JEC Franklin,MI,0.5281332266336868,0.27069580600204785,0.7988290326357346
2011,MI,MM Patel,MI,0.0034024675568468635,0.7067920485645266,0.7101945161213734
2011,MI,AN Ahmed,MI,0.2808793263951565,0.3722941844426786,0.6531735108378351
2011,MI,A Symonds,MI,0.3732195036712627,0.2287298631948473,0.60194936686611
2011,MI,RG Sharma,MI,0.4467109007908242,0.1306537124463084,0.5773646132371326
2011,MI,DS Kulkarni,MI,0.1152017676515302,0.358040274715302,0.4732420423668322
2011,MI,SR Tendulkar,MI,0.4667279161103105,0.0,0.4667279161103105
2011,MI,AG Murtaza,MI,0.08325995842410872,0.38268301792793924,0.46594297635204796
2011,PWI,M Kartik,PWI,0.22286540946399522,0.77461995081152,0.9974853602755153
2011,PWI,R Sharma,PWI,0.2802573202789382,0.6431067931042286,0.9233641133831667
2011,PWI,Yuvraj Singh,PWI,0.45732344720344303,0.431759699254418,0.889083146457861
2011,PWI,JD Ryder,PWI,0.43840478831432783,0.3075046637104183,0.7459094520247461
2011,PWI,WD Parnell,PWI,0.26013036912622733,0.4419516378762855,0.7020820070025129
2011,PWI,AC Thomas,PWI,0.05612924816644181,0.5488561948237364,0.6049854429901782
2011,PWI,MR Marsh,PWI,0.3249190893344842,0.2582604011346482,0.5831794904691324
2011,PWI,JE Taylor,PWI,0.22000439240437597,0.3452401872603932,0.5652445796647692
2011,PWI,SB Wagh,PWI,0.14461926515138962,0.3173210887442135,0.4619403538956031
2011,PWI,NL McCullum,PWI,0.3587853684942413,0.09532669297734346,0.4541120614715848
2011,PWI,B Kumar,PWI,0.20368614244059124,0.23739102915272103,0.4410771715933123
2011,RCB,CH Gayle,RCB,0.70867361049378,0.5249111103442972,1.2335847208380772
2011,RCB,Z Khan,RCB,0.22869827142132948,0.7763166294096921,1.0050149008310216
2011,RCB,S Aravind,RCB,0.3321059198708809,0.634270738541991,0.9663766584128719
2011,RCB,DL Vettori,RCB,0.2794852630476437,0.6727025232162323,0.9521877862638759
2011,RCB,V Kohli,RCB,0.5008590941191002,0.44019190941349584,0.9410510035325961
2011,RCB,A Mithun,RCB,0.32926780297819414,0.5971258486607798,0.9263936516389739
2011,RCB,TM Dilshan,RCB,0.4101537457972478,0.49951612831142844,0.9096698741086762
2011,RCB,JJ van der Wath,RCB,0.2751804767326521,0.3204674974370903,0.5956479741697425
2011,RCB,AUK Pathan,RCB,0.46638908900737386,0.11283014472820196,0.5792192337355758
2011,RCB,J Syed Mohammad,RCB,0.2568395548605793,0.29900704740432094,0.5558466022649002
2011,RCB,CK Langeveldt,RCB,0.2392659136868073,0.2311150824338149,0.47038099612062223
2011,RR,J Botha,RR,0.46546593236185296,0.5330232079868067,0.9984891403486597
2011,RR,SR Watson,RR,0.44224183634491265,0.5492175376668276,0.9914593740117402
2011,RR,SK Warne,RR,0.13492248517216182,0.6238592348238581,0.7587817199960198
2011,RR,AL Menaria,RR,0.3563889307672749,0.3937566773540439,0.7501456081213188
2011,RR,SW Tait,RR,0.2515633240552082,0.28573415858552037,0.5372974826407286
2011,RR,SK Trivedi,RR,0.006378303303300578,0.5292220174412573,0.5356003207445579
2011,RR,STR Binny,RR,0.4100558645461098,0.11498369891942291,0.5250395634655327
2011,RR,LRPL Taylor,RR,0.4331450520912212,0.08620264099510254,0.5193476930863238
2011,RR,A Singh,RR,0.05877961567972347,0.4348282462866846,0.49360786196640805
2011,RR,R Dravid,RR,0.3945726891136951,0.0,0.3945726891136951
2011,RR,AS Raut,RR,0.30846751234577086,0.06530928962592188,0.3737768019716927
2012,CSK,DJ Bravo,CSK,0.5359008150264106,0.760192463946992,1.2960932789734025
2012,CSK,R Ashwin,CSK,0.28284300701028875,0.8324329573252113,1.1152759643355
2012,CSK,JA Morkel,CSK,0.4199116914313358,0.6704463174883084,1.0903580089196443
2012,CSK,RA Jadeja,CSK,0.3662994374536787,0.5081290927628294,0.874428530216508
2012,CSK,SK Raina,CSK,0.44308416419820096,0.3606437369817289,0.8037279011799299
2012,CSK,SB Jakati,CSK,0.12302599338759783,0.5996504317216299,0.7226764251092277
2012,CSK,KMDN Kulasekara,CSK,0.3374796328829033,0.27487272778695315,0.6123523606698564
2012,CSK,F du Plessis,CSK,0.4488220154633262,0.12102489327707029,0.5698469087403965
2012,CSK,S Anirudha,CSK,0.5507195859221355,0.0,0.5507195859221355
2012,CSK,BW Hilfenhaus,CSK,0.0,0.48360547779842733,0.48360547779842733
2012,CSK,DE Bollinger,CSK,0.13674443398026723,0.32329701577129116,0.46004144975155836
2012,DC,JP Duminy,DC,0.648156814450773,0.48985875588527156,1.1380155703360446
2012,DC,A Mishra,DC,0.19957907849076317,0.646994212381605,0.8465732908723682
2012,DC,DT Christian,DC,0.3964403458584654,0.43751275430718645,0.8339531001656518
2012,DC,DW Steyn,DC,0.21633802028686114,0.6132701949016812,0.8296082151885423
2012,DC,Ankit Sharma,DC,0.31649166206917967,0.4304192554373302,0.7469109175065098
2012,DC,A Ashish Reddy,DC,0.29601175165130256,0.4280743915223499,0.7240861431736525
2012,DC,S Dhawan,DC,0.49029657124444026,0.18671319090901584,0.6770097621534561
2012,DC,MS Gony,DC,0.12112087471663051,0.5084608837236029,0.6295817584402333
2012,DC,CL White,DC,0.5379517571921927,0.09146111203186234,0.629412869224055
2012,DC,TP Sudhindra,DC,0.002975835746453714,0.5598817629328926,0.5628575986793463
2012,DC,V Pratap Singh,DC,0.0034024675568468635,0.5142976550999967,0.5177001226568435
2012,DD,IK Pathan,DD,0.42829824829944296,0.8425599130522335,1.2708581613516765
2012,DD,AD Russell,DD,0.47327119990899,0.6821804738347849,1.1554516737437748
2012,DD,M Morkel,DD,0.13985399773174917,0.811898159694839,0.9517521574265881
2012,DD,UT Yadav,DD,0.07114454507804639,0.7872751231561341,0.8584196682341805
2012,DD,KP Pietersen,DD,0.5924131106492799,0.11905821337859582,0.7114713240278757
2012,DD,P Negi,DD,0.34109953198923393,0.3585452100091713,0.6996447419984052
2012,DD,S Nadeem,DD,0.002975835746453714,0.6413873933537495,0.6443632291002032
2012,DD,V Sehwag,DD,0.523184956237837,0.1167248115335213,0.6399097677713583
2012,DD,VR Aaron,DD,0.07549878422734511,0.49041970874533486,0.5659184929726799
2012,DD,DA Warner,DD,0.5174004316080851,0.0,0.5174004316080851
2012,DD,Y Nagar,DD,0.39120300858906565,0.07923819053870898,0.4704411991277746
2012,KKR,B Lee,KKR,0.5238160508183671,0.5792506585257962,1.1030667093441633
2012,KKR,JH Kallis,KKR,0.3803790237359267,0.7142112528198299,1.0945902765557567
2012,KKR,SP Narine,KKR,0.30445878727194625,0.7494819758800574,1.0539407631520037
2012,KKR,R Bhatia,KKR,0.3206004144377541,0.7071197481160049,1.0277201625537589
2012,KKR,YK Pathan,KKR,0.3651429418903201,0.46491710673432535,0.8300600486246454
2012,KKR,Shakib Al Hasan,KKR,0.3350679808785363,0.43506130298030715,0.7701292838588434
2012,KKR,Iqbal Abdulla,KKR,0.1397451619352195,0.3933787936293558,0.5331239555645753
2012,KKR,G Gambhir,KKR,0.5092681896336346,0.0,0.5092681896336346
2012,KKR,DB Das,KKR,0.4884744800163888,0.0,0.4884744800163888
2012,KKR,LR Shukla,KKR,0.3439012608717122,0.10693402269102065,0.45083528356273284
2012,KKR,MS Bisla,KKR,0.4242631243822655,0.0,0.4242631243822655
2012,KXIP,P Kumar,KXIP,0.3072636424163098,0.8461308395739972,1.153394481990307
2012,KXIP,PP Chawla,KXIP,0.3368212213074717,0.7444135845480637,1.0812348058555354
2012,KXIP,BA Bhatt,KXIP,0.6051067558288662,0.4287101717364859,1.0338169275653522
2012,KXIP,Azhar Mahmood,KXIP,0.39605242735683377,0.5888995904687525,0.9849520178255863
2012,KXIP,Harmeet Singh,KXIP,0.5027457877637603,0.3818437137214924,0.8845895014852527
2012,KXIP,P Awana,KXIP,0.16651991684821743,0.6411730275003209,0.8076929443485383
2012,KXIP,RJ Harris,KXIP,0.4144284316405108,0.3074751437814239,0.7219035754219347
2012,KXIP,DJ Hussey,KXIP,0.4538955512126798,0.21539723711089717,0.669292788323577
2012,KXIP,Bipul Sharma,KXIP,0.4261107755492123,0.1427271159141772,0.5688378914633895
2012,KXIP,JP Faulkner,KXIP,0.2843612004527022,0.22183938410215157,0.5062005845548537
2012,KXIP,AD Mascarenhas,KXIP,0.2057008741580455,0.27705252582776485,0.48275339998581035
2012,MI,Harbhajan Singh,MI,0.35834265954858,0.7985155932594638,1.1568582528080438
2012,MI,KA Pollard,MI,0.4210424421544237,0.6039658105622006,1.0250082527166242
2012,MI,SL Malinga,MI,0.26729756962253937,0.715990979516947,0.9832885491394864
2012,MI,DR Smith,MI,0.5153374440119883,0.335505093226953,0.8508425372389413
2012,MI,RP Singh,MI,0.1290033781070615,0.5859027726288706,0.7149061507359321
2012,MI,MM Patel,MI,0.06627044186187624,0.6362034466925769,0.7024738885544531
2012,MI,JEC Franklin,MI,0.34038574564406465,0.2855624277669643,0.6259481734110289
2012,MI,DS Kulkarni,MI,0.4043964491347288,0.1889157247475934,0.5933121738823222
2012,MI,RG Sharma,MI,0.44357507019179365,0.12102489327707029,0.564599963468864
2012,MI,PP Ojha,MI,0.07516538467343024,0.45237558334589273,0.5275409680193229
2012,MI,RJ Peterson,MI,0.2767934688482117,0.21887728706016352,0.4956707559083752
2012,PWI,M Kartik,PWI,0.2603827026731571,0.6244043678007652,0.8847870704739224
2012,PWI,A Nehra,PWI,0.18992273860875386,0.6724652605615448,0.8623879991702986
2012,PWI,B Kumar,PWI,0.2867776222512285,0.5688023860628485,0.855580008314077
2012,PWI,AD Mathews,PWI,0.3404990669140609,0.4156146961861302,0.7561137631001911
2012,PWI,MN Samuels,PWI,0.30490746474630054,0.44167335582077705,0.7465808205670776
2012,PWI,JD Ryder,PWI,0.3912830557866806,0.3388598498196662,0.7301429056063469
2012,PWI,SC Ganguly,PWI,0.32255179779381565,0.30692509550671376,0.6294768933005295
2012,PWI,AC Thomas,PWI,0.30242232430658356,0.31353560299677724,0.6159579273033609
2012,PWI,R Sharma,PWI,0.05487194362333073,0.5488232087704821,0.6036951523938128
2012,PWI,SPD Smith,PWI,0.49266203420661486,0.10638549404085798,0.5990475282474729
2012,PWI,MJ Clarke,PWI,0.29972271726369915,0.2722971415767392,0.5720198588404384
2012,RCB,R Vinay Kumar,RCB,0.3014354546952039,0.7425578854500623,1.0439933401452661
2012,RCB,Z Khan,RCB,0.18407860525243913,0.7790203999300099,0.9630990051824491
2012,RCB,J Syed Mohammad,RCB,0.8058170625230039,0.13178590205874638,0.9376029645817503
2012,RCB,DL Vettori,RCB,0.29162981654491427,0.5589514139416104,0.8505812304865247
2012,RCB,HV Patel,RCB,0.24342048128721935,0.6011487172870774,0.8445691985742968
2012,RCB,CH Gayle,RCB,0.6432469062701813,0.14068954774240805,0.7839364540125894
2012,RCB,M Muralitharan,RCB,0.15351420796294366,0.5464381853017558,0.6999523932646995
2012,RCB,AB McDonald,RCB,0.38295688510400866,0.2004668116591308,0.5834236967631394
2012,RCB,TM Dilshan,RCB,0.40722093823754035,0.1437647568437433,0.5509856950812837
2012,RCB,AB de Villiers,RCB,0.542661457743897,0.0,0.542661457743897
2012,RCB,V Kohli,RCB,0.3951690604268006,0.14251053387722706,0.5376795943040277
2012,RR,SR Watson,RR,0.5163957559152949,0.3805254210157255,0.8969211769310204
2012,RR,J Botha,RR,0.3008820549984463,0.5851433641272168,0.8860254191256631
2012,RR,SK Trivedi,RR,0.1702277343146785,0.6951657498454727,0.8653934841601513
2012,RR,KK Cooper,RR,0.4777548824144392,0.37671517734452953,0.8544700597589687
2012,RR,AA Chavan,RR,0.3308505286608936,0.44931145456996924,0.7801619832308628
2012,RR,GB Hogg,RR,0.23044945530844257,0.5159646790064936,0.7464141343149362
2012,RR,STR Binny,RR,0.3879438368706636,0.243034469939511,0.6309783068101746
2012,RR,BJ Hodge,RR,0.452886032774129,0.15467533310450363,0.6075613658786326
2012,RR,A Singh,RR,0.0034024675568468635,0.5064360733804132,0.50983854093726
2012,RR,DH Yagnik,RR,0.5060802121566128,0.0,0.5060802121566128
2012,RR,AL Menaria,RR,0.34367968390396303,0.15820111386669292,0.501880797770656
2013,CSK,DJ Bravo,CSK,0.33206661170415086,0.8275575314326853,1.1596241431368361
2013,CSK,RA Jadeja,CSK,0.45305295039048865,0.5953808581517165,1.0484338085422051
2013,CSK,R Ashwin,CSK,0.19714185457377043,0.7485531995579284,0.9456950541316989
2013,CSK,CH Morris,CSK,0.22503546448692482,0.6768115638300122,0.901847028316937
2013,CSK,SK Raina,CSK,0.5451044105227638,0.16528451319638873,0.7103889237191525
2013,CSK,JA Morkel,CSK,0.3266302971720744,0.37969486555814447,0.706325162730219
2013,CSK,MM Sharma,CSK,0.006378303303300578,0.662156886136093,0.6685351894393936
2013,CSK,MS Dhoni,CSK,0.5647179773078649,0.0,0.5647179773078649
2013,CSK,MEK Hussey,CSK,0.54906198528375,0.0,0.54906198528375
2013,CSK,JO Holder,CSK,0.0,0.5121198116000852,0.5121198116000852
2013,CSK,B Laughlin,CSK,0.1133638492212833,0.3416572377013071,0.4550210869225904
2013,DD,UT Yadav,DD,0.3935209060852935,0.7705903612134632,1.1641112672987568
2013,DD,M Morkel,DD,0.4639055599326938,0.6142129934113143,1.078118553344008
2013,DD,IK Pathan,DD,0.30513205067010346,0.7036790282036405,1.0088110788737439
2013,DD,S Nadeem,DD,0.1352294920565945,0.600104328651774,0.7353338207083685
2013,DD,A Nehra,DD,0.03938389460520574,0.5349553883720599,0.5743392829772657
2013,DD,S Kaul,DD,0.16204407700893816,0.4085592161632451,0.5706032931721833
2013,DD,BJ Rohrer,DD,0.44447115788140384,0.09316709145149608,0.5376382493328999
2013,DD,J Botha,DD,0.21566626234946795,0.29586611194883994,0.5115323742983079
2013,DD,V Sehwag,DD,0.40348522566518547,0.07227374008231544,0.4757589657475009
2013,DD,RE van der Merwe,DD,0.23149892684729553,0.2423219765246246,0.4738209033719201
2013,DD,DA Warner,DD,0.44727553616353183,0.0,0.44727553616353183
2013,KKR,SP Narine,KKR,0.2708123452775221,0.798236269004628,1.06904861428215
2013,KKR,JH Kallis,KKR,0.33450873201100106,0.7012329857698008,1.0357417177808017
2013,KKR,R Bhatia,KKR,0.35152064019385293,0.6084356944290901,0.9599563346229429
2013,KKR,L Balaji,KKR,0.23002065772647112,0.6815295901256196,0.9115502478520907
2013,KKR,YK Pathan,KKR,0.4612885235625134,0.3705124792598462,0.8318010028223596
2013,KKR,B Lee,KKR,0.4505916077289652,0.25013438530729687,0.7007259930362622
2013,KKR,SMSM Senanayake,KKR,0.17443585944107662,0.4659522154126728,0.6403880748537494
2013,KKR,PJ Sangwan,KKR,0.4043964491347288,0.1271714872181116,0.5315679363528404
2013,KKR,Mohammed Shami,KKR,0.12556834612240753,0.3834547510995916,0.5090230972219991
2013,KKR,RN ten Doeschate,KKR,0.40869855370320773,0.0844966615754688,0.49319521527867655
2013,KKR,S Narwal,KKR,0.41301679133344593,0.07838520082889211,0.49140199216233804
2013,KXIP,PP Chawla,KXIP,0.3059284025631445,0.7741309879258971,1.0800593904890416
2013,KXIP,P Kumar,KXIP,0.29795717373990827,0.7362863435412866,1.0342435172811948
2013,KXIP,Azhar Mahmood,KXIP,0.3751353354124158,0.5981503911778546,0.9732857265902704
2013,KXIP,MS Gony,KXIP,0.42704504771749374,0.46675828518130064,0.8938033328987944
2013,KXIP,P Awana,KXIP,0.04025509312966205,0.7164189837835003,0.7566740769131624
2013,KXIP,DA Miller,KXIP,0.6350507977786072,0.0,0.6350507977786072
2013,KXIP,R Sathish,KXIP,0.40529363355351333,0.1271714872181116,0.5324651207716249
2013,KXIP,DJ Hussey,KXIP,0.3629284400936387,0.16312655099688272,0.5260549910905215
2013,KXIP,RJ Harris,KXIP,0.09555736879250959,0.41301764350339976,0.5085750122959094
2013,KXIP,SE Marsh,KXIP,0.4352665423597156,0.0,0.4352665423597156
2013,KXIP,AC Gilchrist,KXIP,0.4067020714118789,0.006570045587659128,0.41327211699953803
2013,MI,Harbhajan Singh,MI,0.42318752966381007,0.8752572422068079,1.298444771870618
2013,MI,MG Johnson,MI,0.27864733592680724,0.8199902256375191,1.0986375615643262
2013,MI,KA Pollard,MI,0.5432043680302102,0.4867082649126206,1.0299126329428308
2013,MI,SL Malinga,MI,0.1290702421095756,0.8295586348818951,0.9586288769914707
2013,MI,PP Ojha,MI,0.11860423520837707,0.6907012376791493,0.8093054728875263
2013,MI,DR Smith,MI,0.43194793104416435,0.21697111696315316,0.6489190480073175
2013,MI,R Dhawan,MI,0.2441725813307846,0.37725092808245436,0.621423509413239
2013,MI,RG Sharma,MI,0.49524560290650993,0.042852450223499136,0.538098053130009
2013,MI,NM Coulter-Nile,MI,0.34406853843965307,0.1859681340127173,0.5300366724523704
2013,MI,GJ Maxwell,MI,0.357015676269034,0.09927855219807277,0.45629422846710677
2013,MI,KD Karthik,MI,0.43434162371938945,0.0,0.43434162371938945
2013,PWI,B Kumar,PWI,0.20718954895145889,0.7393849776112729,0.9465745265627318
2013,PWI,AD Mathews,PWI,0.3878182952181971,0.5209346225931148,0.908752917811312
2013,PWI,AB Dinda,PWI,0.19994716558552528,0.6827065432971074,0.8826537088826327
2013,PWI,RV Gomez,PWI,0.8058170625230039,0.04441593825674122,0.8502330007797451
2013,PWI,LJ Wright,PWI,0.46671623608705815,0.31044066126491204,0.7771568973519702
2013,PWI,Yuvraj Singh,PWI,0.37828895284553304,0.36582166156869567,0.7441106144142287
2013,PWI,R Sharma,PWI,0.16122502470689548,0.5791834190736358,0.7404084437805313
2013,PWI,MR Marsh,PWI,0.3778342161381173,0.3523512451029603,0.7301854612410776
2013,PWI,AJ Finch,PWI,0.46314496804998456,0.2572376826496007,0.7203826506995852
2013,PWI,KW Richardson,PWI,0.27110949903306,0.32926764857940016,0.6003771476124602
2013,PWI,AG Murtaza,PWI,0.27610107614301066,0.2638907951483257,0.5399918712913363
2013,RCB,R Vinay Kumar,RCB,0.6455122040563624,0.7892856242602337,1.4347978283165963
2013,RCB,JD Unadkat,RCB,0.20666197818704496,0.6636042968150626,0.8702662750021075
2013,RCB,MC Henriques,RCB,0.4751783220426465,0.36936658979269676,0.8445449118353432
2013,RCB,R Rampaul,RCB,0.2675153732396625,0.5237358645392843,0.7912512377789469
2013,RCB,CH Gayle,RCB,0.6281523274248322,0.15754380845411742,0.7856961358789496
2013,RCB,M Kartik,RCB,0.14906673655716665,0.5614080356501965,0.7104747722073631
2013,RCB,RP Singh,RCB,0.0,0.5663089732793068,0.5663089732793068
2013,RCB,AB de Villiers,RCB,0.5336075406463817,0.0,0.5336075406463817
2013,RCB,V Kohli,RCB,0.5331680880063218,0.0,0.5331680880063218
2013,RCB,M Muralitharan,RCB,0.0,0.4708064482469292,0.4708064482469292
2013,RCB,J Syed Mohammad,RCB,0.18257539643092302,0.2599790951936618,0.4425544916245848
2013,RR,KK Cooper,RR,0.4144678174256851,0.7222388069871873,1.1367066244128725
2013,RR,JP Faulkner,RR,0.27819400243807885,0.8129004673845996,1.0910944698226785
2013,RR,SR Watson,RR,0.5094200070587726,0.5720983260539211,1.0815183331126936
2013,RR,SK Trivedi,RR,0.10529845212867638,0.7781843606616634,0.8834828127903398
2013,RR,STR Binny,RR,0.4883109825574728,0.3903678775954156,0.8786788601528883
2013,RR,PV Tambe,RR,0.10333098909352248,0.4364302083253562,0.5397611974188786
2013,RR,A Chandila,RR,0.13676932618876578,0.3962674102196808,0.5330367364084466
2013,RR,BJ Hodge,RR,0.49849766470115753,0.03048703734395412,0.5289847020451116
2013,RR,SW Tait,RR,0.07432005237338675,0.44751569414955905,0.5218357465229458
2013,RR,S Sreesanth,RR,0.06397918712906568,0.38042173050161704,0.44440091763068273
2013,RR,AM Rahane,RR,0.42623478859856734,0.0,0.42623478859856734
2013,SRH,DW Steyn,SRH,0.4375770235502228,0.8344576435404881,1.272034667090711
2013,SRH,NLTC Perera,SRH,0.43218309659355647,0.7777495167970164,1.2099326133905728
2013,SRH,A Mishra,SRH,0.2766744048455545,0.7862664767793139,1.0629408816248684
2013,SRH,KV Sharma,SRH,0.3137016137037535,0.49019306032475457,0.803894674028508
2013,SRH,I Sharma,SRH,0.005951671492907428,0.7798048256178728,0.7857564971107802
2013,SRH,DJG Sammy,SRH,0.42169671327166947,0.3638904527366774,0.7855871660083469
2013,SRH,A Ashish Reddy,SRH,0.4042767415681189,0.2111789585592193,0.6154557001273382
2013,SRH,GH Vihari,SRH,0.30112595545628323,0.2353104693020737,0.536436424758357
2013,SRH,CL White,SRH,0.33754145680610464,0.12815238287479083,0.4656938396808955
2013,SRH,S Dhawan,SRH,0.45263521297226766,0.0,0.45263521297226766
2013,SRH,PA Patel,SRH,0.3715967394983046,0.0,0.3715967394983046
2014,CSK,SK Raina,CSK,0.5237030900002733,0.6540781099094242,1.1777811999096974
2014,CSK,RA Jadeja,CSK,0.42600724155768505,0.724160429748493,1.1501676713061781
2014,CSK,R Ashwin,CSK,0.28527739225951493,0.7719569385262286,1.0572343307857435
2014,CSK,MM Sharma,CSK,0.06987258096760975,0.7221944207529494,0.7920670017205591
2014,CSK,DR Smith,CSK,0.4827599764335516,0.24630390466564403,0.7290638810991956
2014,CSK,DJ Hussey,CSK,0.5184878367035639,0.17414430887469348,0.6926321455782574
2014,CSK,MS Dhoni,CSK,0.6734486433616768,0.0,0.6734486433616768
2014,CSK,IC Pandey,CSK,0.0,0.6463880213769403,0.6463880213769403
2014,CSK,DJ Bravo,CSK,0.5381899395770409,0.0,0.5381899395770409
2014,CSK,BW Hilfenhaus,CSK,0.002975835746453714,0.4525352719679071,0.4555111077143608
2014,CSK,BB McCullum,CSK,0.427168210908067,0.0,0.427168210908067
2014,DD,JP Duminy,DD,0.5412986716989174,0.6356895239756057,1.1769881956745232
2014,DD,Mohammed Shami,DD,0.10500554832331144,0.6673943590292104,0.7723999073525218
2014,DD,WD Parnell,DD,0.215556920998599,0.4821103322019123,0.6976672532005113
2014,DD,JDS Neesham,DD,0.2544406169319868,0.41724394689205746,0.6716845638240443
2014,DD,S Nadeem,DD,0.09843533414570094,0.5716916727618886,0.6701270069075895
2014,DD,LR Shukla,DD,0.21901591584183874,0.39944729838824233,0.6184632142300811
2014,DD,S Kaul,DD,0.20368614244059124,0.3803967844927931,0.5840829269333844
2014,DD,R Shukla,DD,0.26101079641089253,0.30463565478838717,0.5656464511992797
2014,DD,MK Tiwary,DD,0.41892602829247944,0.11668967833905665,0.5356157066315361
2014,DD,Imran Tahir,DD,0.18430980247132545,0.34696447043408074,0.5312742729054062
2014,DD,JD Unadkat,DD,0.044264111804320896,0.4834997622518123,0.5277638740561332
2014,KKR,Shakib Al Hasan,KKR,0.4780432537358166,0.6704685859861158,1.1485118397219325
2014,KKR,SP Narine,KKR,0.18089046861249974,0.8081899286463887,0.9890803972588884
2014,KKR,PP Chawla,KKR,0.3891336873462168,0.5533068818076943,0.9424405691539111
2014,KKR,M Morkel,KKR,0.27355872340820103,0.6569223426847997,0.9304810660930007
2014,KKR,JH Kallis,KKR,0.3690419103125237,0.42581572458739814,0.7948576348999219
2014,KKR,UT Yadav,KKR,0.11222593190507649,0.633668773496389,0.7458947054014654
2014,KKR,R Vinay Kumar,KKR,0.15501840805007408,0.5148439453954393,0.6698623534455134
2014,KKR,RN ten Doeschate,KKR,0.3957604723790159,0.2148353834798568,0.6105958558588727
2014,KKR,YK Pathan,KKR,0.4959128301829476,0.07923819053870898,0.5751510207216566
2014,KKR,RV Uthappa,KKR,0.5250405747816088,0.0,0.5250405747816088
2014,KKR,SA Yadav,KKR,0.45697105646719544,0.06530928962592188,0.5222803460931174
2014,KXIP,GJ Maxwell,KXIP,0.582556534770064,0.5444720621317447,1.1270285969018086
2014,KXIP,AR Patel,KXIP,0.27714302550035846,0.825082097864525,1.1022251233648834
2014,KXIP,R Dhawan,KXIP,0.4196379204242801,0.6453951868945738,1.065033107318854
2014,KXIP,MG Johnson,KXIP,0.3320186777112558,0.7150663571233575,1.0470850348346135
2014,KXIP,Shivam Sharma,KXIP,0.36269282565824207,0.34520057991689385,0.7078934055751359
2014,KXIP,Sandeep Sharma,KXIP,0.08325995842410872,0.5749871126094052,0.6582470710335139
2014,KXIP,L Balaji,KXIP,0.07772251993023362,0.5092926532767437,0.5870151732069773
2014,KXIP,DA Miller,KXIP,0.5482139912722406,0.0,0.5482139912722406
2014,KXIP,Karanveer Singh,KXIP,0.20368614244059124,0.33845106092483457,0.5421372033654258
2014,KXIP,M Vohra,KXIP,0.48397159308591375,0.0,0.48397159308591375
2014,KXIP,WP Saha,KXIP,0.47933905459012666,0.0,0.47933905459012666
2014,MI,KA Pollard,MI,0.46768174653670347,0.6854266628572773,1.1531084093939807
2014,MI,Harbhajan Singh,MI,0.27138549721574756,0.713547485995033,0.9849329832107806
2014,MI,PP Ojha,MI,0.12707254620953792,0.8036085592558554,0.9306811054653933
2014,MI,CJ Anderson,MI,0.4584622741194004,0.38877638838725825,0.8472386625066586
2014,MI,LMP Simmons,MI,0.5493454314082972,0.20382074278876863,0.7531661741970658
2014,MI,JJ Bumrah,MI,0.07284841671406346,0.6401129679646698,0.7129613846787333
2014,MI,Z Khan,MI,0.27728148453248447,0.3763498979092692,0.6536313824417537
2014,MI,SL Malinga,MI,0.11222593190507649,0.5370303061193789,0.6492562380244553
2014,MI,RG Sharma,MI,0.4401027985706069,0.17064674152823164,0.6107495400988385
2014,MI,S Gopal,MI,0.2726793585735521,0.2719345598891545,0.5446139184627066
2014,MI,AT Rayudu,MI,0.4106802044954036,0.0,0.4106802044954036
2014,RCB,AN Ahmed,RCB,0.8058170625230039,0.3195825791649721,1.125399641687976
2014,RCB,MA Starc,RCB,0.2928574761676836,0.7104568675513014,1.003314343718985
2014,RCB,YS Chahal,RCB,0.20666197818704496,0.7284501613327183,0.9351121395197632
2014,RCB,Yuvraj Singh,RCB,0.46842749588037547,0.4066290870052619,0.8750565828856374
2014,RCB,VR Aaron,RCB,0.2155386969503063,0.5259188605797651,0.7414575575300715
2014,RCB,HV Patel,RCB,0.4105751819385945,0.27198098097169393,0.6825561629102884
2014,RCB,AB Dinda,RCB,0.09404076989401833,0.5385546839377273,0.6325954538317456
2014,RCB,JA Morkel,RCB,0.30187081141573957,0.32175802440787776,0.6236288358236173
2014,RCB,AB de Villiers,RCB,0.5200273806569475,0.0,0.5200273806569475
2014,RCB,R Rampaul,RCB,0.26150327071569235,0.232304147906741,0.4938074186224334
2014,RCB,S Rana,RCB,0.354435503945247,0.07490297560069532,0.4293384795459423
2014,RR,JP Faulkner,RR,0.623425805608416,0.6323265740404472,1.2557523796488632
2014,RR,R Bhatia,RR,0.33414486575464714,0.5384356331215745,0.8725804988762216
2014,RR,PV Tambe,RR,0.12856492537594333,0.6565519417056692,0.7851168670816125
2014,RR,DS Kulkarni,RR,0.28694610086469996,0.45206218943081466,0.7390082902955146
2014,RR,SR Watson,RR,0.3757208915903677,0.3568471124384538,0.7325680040288215
2014,RR,KK Cooper,RR,0.37376176704857594,0.3466356558966619,0.7203974229452379
2014,RR,R Tewatia,RR,0.32114955268736084,0.2389434703661604,0.5600930230535213
2014,RR,KW Richardson,RR,0.1077784604992995,0.41941116453824645,0.527189625037546
2014,RR,STR Binny,RR,0.29528921762387883,0.21676470705095657,0.5120539246748355
2014,RR,BCJ Cutting,RR,0.30616265890796335,0.1930950888764056,0.49925774778436893
2014,RR,Ankit Sharma,RR,0.30902367596758257,0.1696223661005017,0.47864604206808425
2014,SRH,KV Sharma,SRH,0.3616004336971314,0.674529208070976,1.0361296417681074
2014,SRH,DW Steyn,SRH,0.21432429888407006,0.7566823224482262,0.9710066213322963
2014,SRH,IK Pathan,SRH,0.344583925505569,0.45356585543221184,0.7981497809377809
2014,SRH,B Kumar,SRH,0.060576719572218815,0.6940855580837573,0.754662277655976
2014,SRH,A Mishra,SRH,0.13885405817143878,0.5908994442431179,0.7297535024145567
2014,SRH,DJG Sammy,SRH,0.33399215459016046,0.3665815051461396,0.7005736597363
2014,SRH,JO Holder,SRH,0.34174243015417943,0.2079413762571243,0.5496838064113038
2014,SRH,DA Warner,SRH,0.5438948738960896,0.0,0.5438948738960896
2014,SRH,NV Ojha,SRH,0.49185571664957595,0.0,0.49185571664957595
2014,SRH,Y Venugopal Rao,SRH,0.3462867968065761,0.07490297560069532,0.4211897724072714
2014,SRH,S Dhawan,SRH,0.4097470791132511,0.0,0.4097470791132511
2015,CSK,MM Sharma,CSK,0.372408068378139,0.7641709717415796,1.1365790401197184
2015,CSK,DJ Bravo,CSK,0.40381102570151833,0.7096878352576442,1.1134988609591625
2015,CSK,R Ashwin,CSK,0.4210839423188113,0.5349959195079023,0.9560798618267136
2015,CSK,RA Jadeja,CSK,0.33023561405951274,0.5982590425531955,0.9284946566127082
2015,CSK,P Negi,CSK,0.4101995344388345,0.4968372961632822,0.9070368306021167
2015,CSK,A Nehra,CSK,0.04543887799790784,0.798040046816792,0.8434789248146998
2015,CSK,SK Raina,CSK,0.4099115471587127,0.32218280153981593,0.7320943486985286
2015,CSK,DR Smith,CSK,0.4007239722374116,0.1334569729207334,0.534180945158145
2015,CSK,BB McCullum,CSK,0.5058501720037243,0.0,0.5058501720037243
2015,CSK,RG More,CSK,0.20368614244059124,0.2934288290125177,0.49711497145310896
2015,CSK,IC Pandey,CSK,0.0,0.4560479248271434,0.4560479248271434
2015,DD,JA Morkel,DD,0.6579044176146448,0.2966816918405487,0.9545861094551935
2015,DD,AD Mathews,DD,0.3995729667404661,0.4796492300524582,0.8792221967929243
2015,DD,NM Coulter-Nile,DD,0.2601257575290098,0.5856796151616981,0.8458053726907079
2015,DD,JP Duminy,DD,0.4904032008489702,0.29694945602449374,0.7873526568734639
2015,DD,A Mishra,DD,0.16348671905123494,0.5813984950819806,0.7448852141332155
2015,DD,Yuvraj Singh,DD,0.3628538448418001,0.3679240248918972,0.7307778697336973
2015,DD,Imran Tahir,DD,0.19544092709001726,0.5219472156026957,0.717388142692713
2015,DD,Q de Kock,DD,0.5096763719686799,0.0,0.5096763719686799
2015,DD,SS Iyer,DD,0.4541118832912333,0.0,0.4541118832912333
2015,DD,KM Jadhav,DD,0.41309948313149336,0.0,0.41309948313149336
2015,DD,GS Sandhu,DD,0.0,0.3821435134214772,0.3821435134214772
2015,KKR,UT Yadav,KKR,0.5570579748499777,0.6175000057687835,1.1745579806187612
2015,KKR,AD Russell,KKR,0.5838356192769071,0.569453214838917,1.153288834115824
2015,KKR,J Botha,KKR,0.46965780667514223,0.4046959264720118,0.874353733147154
2015,KKR,PP Chawla,KKR,0.31529688493130015,0.5097470780385703,0.8250439629698705
2015,KKR,YK Pathan,KKR,0.5059678034561449,0.31014035041573823,0.8161081538718831
2015,KKR,M Morkel,KKR,0.2705828876617473,0.42488395545551877,0.6954668431172661
2015,KKR,Shakib Al Hasan,KKR,0.330330847834372,0.3025012851603447,0.6328321329947166
2015,KKR,GB Hogg,KKR,0.2712326151227273,0.33799440022262484,0.6092270153453521
2015,KKR,SP Narine,KKR,0.002975835746453714,0.4931260847798157,0.4961019205262694
2015,KKR,PJ Cummins,KKR,0.0034024675568468635,0.4449968842861739,0.44839935184302077
2015,KKR,RV Uthappa,KKR,0.43826564915932864,0.0,0.43826564915932864
2015,KXIP,AR Patel,KXIP,0.375515738627205,0.6458122033905783,1.0213279420177832
2015,KXIP,Anureet Singh,KXIP,0.16192551060078686,0.7058574321337342,0.8677829427345211
2015,KXIP,Sandeep Sharma,KXIP,0.1779713350343458,0.6679992988300167,0.8459706338643626
2015,KXIP,Karanveer Singh,KXIP,0.19583802855512775,0.6435517862391279,0.8393898147942557
2015,KXIP,R Dhawan,KXIP,0.3138885376088893,0.504275170019943,0.8181637076288324
2015,KXIP,MG Johnson,KXIP,0.23153286627111647,0.5492229261989262,0.7807557924700427
2015,KXIP,GJ Maxwell,KXIP,0.35119142938536224,0.31014035041573823,0.6613317798011005
2015,KXIP,NLTC Perera,KXIP,0.19320474528287945,0.28600006599534566,0.4792048112782251
2015,KXIP,SN Thakur,KXIP,0.23712447953583451,0.22037292116675516,0.4574974007025897
2015,KXIP,DA Miller,KXIP,0.4542888818797983,0.0,0.4542888818797983
2015,KXIP,Gurkeerat Singh,KXIP,0.22612890780002662,0.21951787057925284,0.44564677837927946
2015,MI,HH Pandya,MI,0.48780104081622805,0.7312098099080889,1.219010850724317
2015,MI,Harbhajan Singh,MI,0.42756191053666853,0.7491143466899182,1.1766762572265868
2015,MI,MJ McClenaghan,MI,0.5020302178083738,0.6441128716970894,1.1461430895054632
2015,MI,J Suchith,MI,0.5323991019972248,0.5743601572992331,1.106759259296458
2015,MI,SL Malinga,MI,0.12340201976293623,0.7811735310869213,0.9045755508498575
2015,MI,KA Pollard,MI,0.5414777127069272,0.3121074863495764,0.8535851990565037
2015,MI,R Vinay Kumar,MI,0.009354139049754292,0.6600711187043331,0.6694252577540873
2015,MI,CJ Anderson,MI,0.41869127627652564,0.20022204374009397,0.6189133200166196
2015,MI,RG Sharma,MI,0.49492060042633623,0.0,0.49492060042633623
2015,MI,LMP Simmons,MI,0.49072621162326113,0.0,0.49072621162326113
2015,MI,AT Rayudu,MI,0.47453379059760836,0.0,0.47453379059760836
2015,RCB,D Wiese,RCB,0.4412063691776782,0.5932697770501055,1.0344761462277838
2015,RCB,AN Ahmed,RCB,0.4548228346854063,0.5475244124239574,1.0023472471093637
2015,RCB,HV Patel,RCB,0.35636913377674284,0.5972662255638784,0.9536353593406213
2015,RCB,YS Chahal,RCB,0.20666197818704496,0.6515875839969459,0.858249562183991
2015,RCB,VR Aaron,RCB,0.4310812775693908,0.41356055906337413,0.8446418366327649
2015,RCB,MA Starc,RCB,0.21554778067249203,0.5871747265128544,0.8027225071853464
2015,RCB,Iqbal Abdulla,RCB,0.2738622391289269,0.369172925647793,0.6430351647767198
2015,RCB,AB de Villiers,RCB,0.6034162656364507,0.0,0.6034162656364507
2015,RCB,CH Gayle,RCB,0.5220737686147535,0.07142075037249856,0.593494518987252
2015,RCB,V Kohli,RCB,0.517185433852046,0.052346783949505045,0.569532217801551
2015,RCB,SN Khan,RCB,0.4609944399368868,0.0,0.4609944399368868
2015,RR,CH Morris,RR,0.5218548931444801,0.5823521963211555,1.1042070894656355
2015,RR,JP Faulkner,RR,0.37794706468860206,0.682703999488662,1.060651064177264
2015,RR,DJ Hooda,RR,0.42133021237474305,0.5959655335776585,1.0172957459524015
2015,RR,SR Watson,RR,0.49223244469649785,0.4967798933197934,0.9890123380162912
2015,RR,TG Southee,RR,0.35665060250347447,0.4756840445585175,0.8323346470619919
2015,RR,STR Binny,RR,0.3315479346543645,0.36092585486154,0.6924737895159045
2015,RR,PV Tambe,RR,0.12637785550938993,0.5263017222368697,0.6526795777462596
2015,RR,DS Kulkarni,RR,0.08782488181844984,0.5078312354374871,0.5956561172559369
2015,RR,Ankit Sharma,RR,0.27165924693312044,0.31908615440671434,0.5907454013398348
2015,RR,AM Rahane,RR,0.5236861287149378,0.0,0.5236861287149378
2015,RR,J Theron,RR,0.20368614244059124,0.22516638576300313,0.4288525282035944
2015,SRH,B Kumar,SRH,0.4261686743279972,0.6887774735876786,1.114946147915676
2015,SRH,KV Sharma,SRH,0.34942626142047617,0.576926878836264,0.9263531402567402
2015,SRH,MC Henriques,SRH,0.48402420493387127,0.37611229304856836,0.8601364979824396
2015,SRH,DW Steyn,SRH,0.4070763029835556,0.4234322841448157,0.8305085871283713
2015,SRH,RS Bopara,SRH,0.39572825212808244,0.35335876792878695,0.7490870200568693
2015,SRH,P Kumar,SRH,0.17398567150491936,0.5738699456840013,0.7478556171889207
2015,SRH,I Sharma,SRH,0.0,0.6481715389385145,0.6481715389385145
2015,SRH,A Ashish Reddy,SRH,0.4415933437277499,0.17788934778457377,0.6194826915123237
2015,SRH,DA Warner,SRH,0.5548002394759143,0.0,0.5548002394759143
2015,SRH,TA Boult,SRH,0.0,0.44167115808940466,0.44167115808940466
2015,SRH,S Dhawan,SRH,0.4129911108054534,0.0,0.4129911108054534
2016,DD,CH Morris,DD,0.6703484247783342,0.5992485522495353,1.2695969770278697
2016,DD,CR Brathwaite,DD,0.5177549959019534,0.3883580456072611,0.9061130415092145
2016,DD,P Negi,DD,0.3385141768405732,0.39905512181184993,0.7375692986524232
2016,DD,Z Khan,DD,0.11192189224958292,0.6147996640237854,0.7267215562733683
2016,DD,A Mishra,DD,0.07218954892697653,0.629035412669268,0.7012249615962445
2016,DD,JP Duminy,DD,0.4394297221579439,0.21508466717444374,0.6545143893323877
2016,DD,Mohammed Shami,DD,0.1063068248399762,0.4676098771861275,0.5739167020261037
2016,DD,J Yadav,DD,0.13972026972672094,0.4217245063150327,0.5614447760417537
2016,DD,Imran Tahir,DD,0.16856049381629176,0.315740345491156,0.4843008393074477
2016,DD,Q de Kock,DD,0.48021806026583685,0.0,0.48021806026583685
2016,DD,NM Coulter-Nile,DD,0.13496825663589904,0.3282791995350319,0.4632474561709309
2016,GL,DJ Bravo,GL,0.33644527107558525,0.7522964667718319,1.0887417378474171
2016,GL,DS Kulkarni,GL,0.41361868525661527,0.6575172726789609,1.0711359579355761
2016,GL,P Kumar,GL,0.23319792354892013,0.7205280149587877,0.9537259385077078
2016,GL,RA Jadeja,GL,0.3560059321607613,0.591462185028097,0.9474681171888584
2016,GL,JP Faulkner,GL,0.390928245240356,0.47719636011498623,0.8681246053553422
2016,GL,DR Smith,GL,0.4642199044479274,0.321619827392538,0.7858397318404654
2016,GL,SB Jakati,GL,0.10333098909352248,0.524713860917011,0.6280448500105335
2016,GL,SK Raina,GL,0.43092271262826465,0.15304535349016174,0.5839680661184263
2016,GL,AJ Finch,GL,0.4799156435239575,0.0,0.4799156435239575
2016,GL,BB McCullum,GL,0.4185524003460062,0.0,0.4185524003460062
2016,GL,KD Karthik,GL,0.4152494218062932,0.0,0.4152494218062932
2016,KKR,AD Russell,KKR,0.47421265998604445,0.5233656439892551,0.9975783039752996
2016,KKR,YK Pathan,KKR,0.654811123791336,0.22041815133453813,0.8752292751258741
2016,KKR,Shakib Al Hasan,KKR,0.33903169581788434,0.5226548420248377,0.8616865378427221
2016,KKR,UT Yadav,KKR,0.40725746619434805,0.42027445080871145,0.8275319170030595
2016,KKR,PP Chawla,KKR,0.2573723323625466,0.5121702876956425,0.7695426200581892
2016,KKR,SP Narine,KKR,0.15109807195037755,0.5889255500262115,0.740023621976589
2016,KKR,M Morkel,KKR,0.20666197818704496,0.5260958432738014,0.7327578214608463
2016,KKR,JO Holder,KKR,0.269173460618454,0.3471125117809001,0.6162859723993541
2016,KKR,R Sathish,KKR,0.24521758517971473,0.2979557070721125,0.5431732922518272
2016,KKR,G Gambhir,KKR,0.4658442027118565,0.0,0.4658442027118565
2016,KKR,MK Pandey,KKR,0.4449242426459311,0.0,0.4449242426459311
2016,KXIP,AR Patel,KXIP,0.3904279499664883,0.6553868479674994,1.0458147979339876
2016,KXIP,MM Sharma,KXIP,0.3004489601734134,0.6674103467384902,0.9678593069119036
2016,KXIP,KJ Abbott,KXIP,0.39332551570282887,0.4803101731948748,0.8736356888977037
2016,KXIP,Sandeep Sharma,KXIP,0.19029466357556427,0.667690338485189,0.8579850020607532
2016,KXIP,MP Stoinis,KXIP,0.4499133431647746,0.38466577768948734,0.8345791208542619
2016,KXIP,P Sahu,KXIP,0.3837917414361526,0.3833251855719036,0.7671169270080562
2016,KXIP,KC Cariappa,KXIP,0.3009682402191402,0.39371015684944743,0.6946783970685877
2016,KXIP,R Dhawan,KXIP,0.4742690301023385,0.2170405171517757,0.6913095472541142
2016,KXIP,GJ Maxwell,KXIP,0.4140644153462388,0.1481874938257359,0.5622519091719747
2016,KXIP,Gurkeerat Singh,KXIP,0.3834624057472201,0.14861805559154997,0.5320804613387701
2016,KXIP,M Vijay,KXIP,0.45116874951906244,0.06530928962592188,0.5164780391449844
2016,MI,KH Pandya,MI,0.5870098141222279,0.4985922321133432,1.085602046235571
2016,MI,MJ McClenaghan,MI,0.3619590051149961,0.713180916137299,1.075139921252295
2016,MI,Harbhajan Singh,MI,0.3774348832281116,0.6953162134594726,1.0727510966875842
2016,MI,TG Southee,MI,0.3732795602829586,0.6158396614268804,0.989119221709839
2016,MI,JJ Bumrah,MI,0.18748797776710027,0.6964122020290072,0.8839001797961075
2016,MI,KA Pollard,MI,0.44024181381983546,0.15158219700995368,0.5918240108297892
2016,MI,HH Pandya,MI,0.19488872034154867,0.3819492022115061,0.5768379225530548
2016,MI,RG Sharma,MI,0.5112554603932884,0.0,0.5112554603932884
2016,MI,R Vinay Kumar,MI,0.28119827500976763,0.21676470705095657,0.4979629820607242
2016,MI,N Rana,MI,0.4423364111478003,0.03048703734395412,0.47282344849175445
2016,MI,JC Buttler,MI,0.42332506246339197,0.0,0.42332506246339197
2016,RCB,SR Watson,RCB,0.3743702022327194,0.751843313340105,1.1262135155728243
2016,RCB,STR Binny,RCB,0.41211004752275043,0.6374682949354742,1.0495783424582246
2016,RCB,Parvez Rasool,RCB,0.27045977157208,0.578596670429459,0.849056442001539
2016,RCB,V Kohli,RCB,0.7229811779359433,0.10013154190788963,0.8231127198438329
2016,RCB,Iqbal Abdulla,RCB,0.28098500475588406,0.42945882302884303,0.7104438277847271
2016,RCB,CH Gayle,RCB,0.4367867647505409,0.2554810169623219,0.6922677817128629
2016,RCB,YS Chahal,RCB,0.0,0.669429018476107,0.669429018476107
2016,RCB,VR Aaron,RCB,0.002975835746453714,0.6252666952809051,0.6282425310273587
2016,RCB,AB de Villiers,RCB,0.6281805911566404,0.0,0.6281805911566404
2016,RCB,HV Patel,RCB,0.002975835746453714,0.6203833782376307,0.6233592139840843
2016,RCB,CJ Jordan,RCB,0.16685097998438786,0.4450402120356989,0.6118911920200867
2016,RPS,R Bhatia,RPS,0.5102765636551743,0.5309241219452259,1.0412006856004001
2016,RPS,NLTC Perera,RPS,0.448748848643255,0.524453119577152,0.9732019682204069
2016,RPS,R Ashwin,RPS,0.326001159999849,0.6151741610972922,0.9411753210971412
2016,RPS,JA Morkel,RPS,0.43093809044905407,0.23309962446421437,0.6640377149132685
2016,RPS,Ankit Sharma,RPS,0.20368614244059124,0.4265639023855074,0.6302500448260986
2016,RPS,SPD Smith,RPS,0.5294861432739418,0.0,0.5294861432739418
2016,RPS,AM Rahane,RPS,0.49646547623534737,0.0,0.49646547623534737
2016,RPS,MS Dhoni,RPS,0.4885191253544169,0.0,0.4885191253544169
2016,RPS,M Ashwin,RPS,0.0034024675568468635,0.4615848682806669,0.4649873358375138
2016,RPS,AB Dinda,RPS,0.0,0.45280513777518655,0.45280513777518655
2016,RPS,F du Plessis,RPS,0.42766920127554636,0.0,0.42766920127554636
2016,SRH,B Kumar,SRH,0.37528174464740705,0.843743140284191,1.2190248849315979
2016,SRH,MC Henriques,SRH,0.34366596576908587,0.708314621410047,1.0519805871791328
2016,SRH,BB Sran,SRH,0.2126136496799524,0.6754580599886869,0.8880717096686392
2016,SRH,Bipul Sharma,SRH,0.5347628894891691,0.3268144896602588,0.8615773791494279
2016,SRH,Mustafizur Rahman,SRH,0.0,0.7813331797307648,0.7813331797307648
2016,SRH,BCJ Cutting,SRH,0.5405706887911433,0.22767928370259033,0.7682499724937337
2016,SRH,A Ashish Reddy,SRH,0.43871420830364005,0.21805105333545924,0.6567652616390993
2016,SRH,DA Warner,SRH,0.6329064324433363,0.0,0.6329064324433363
2016,SRH,DJ Hooda,SRH,0.32920280721421696,0.29106367120497806,0.620266478419195
2016,SRH,A Nehra,SRH,0.20666197818704496,0.40744713432750174,0.6141091125145467
2016,SRH,Yuvraj Singh,SRH,0.4109875260695611,0.11723180179351574,0.5282193278630769
2017,DD,PJ Cummins,DD,0.3868655149322923,0.6336484589220336,1.0205139738543259
2017,DD,A Mishra,DD,0.4249104353596814,0.5718119706692087,0.9967224060288902
2017,DD,CH Morris,DD,0.49352289916446834,0.46173098931808076,0.9552538884825491
2017,DD,Mohammed Shami,DD,0.3589477171719216,0.4751222451401349,0.8340699623120564
2017,DD,CJ Anderson,DD,0.35505552317825406,0.43417177572863813,0.7892272989068922
2017,DD,Z Khan,DD,0.08845588320158587,0.5757958102609584,0.6642516934625442
2017,DD,K Rabada,DD,0.2633466564599192,0.38120694522706444,0.6445536016869837
2017,DD,CR Brathwaite,DD,0.19320474528287945,0.32179734472108223,0.5150020900039617
2017,DD,RR Pant,DD,0.49350410478893775,0.0,0.49350410478893775
2017,DD,SS Iyer,DD,0.46711179549781745,0.0,0.46711179549781745
2017,DD,SV Samson,DD,0.45145479012747924,0.0,0.45145479012747924
2017,GL,RA Jadeja,GL,0.4860666288124719,0.6519594681805795,1.1380260969930514
2017,GL,SK Raina,GL,0.5121876312483732,0.485099714176757,0.9972873454251302
2017,GL,Basil Thampi,GL,0.2155894854264061,0.6463487590390157,0.8619382444654218
2017,GL,DR Smith,GL,0.44255982881136025,0.4122127187593018,0.854772547570662
2017,GL,AJ Tye,GL,0.4813603272983151,0.33441965672334023,0.8157799840216553
2017,GL,JP Faulkner,GL,0.2680287519880683,0.46566793997128214,0.7336966919593504
2017,GL,Ankit Soni,GL,0.1814393262963977,0.4594400476160068,0.6408793739124046
2017,GL,P Kumar,GL,0.2199227633288729,0.31725741642036503,0.5371801797492379
2017,GL,DS Kulkarni,GL,0.1077784604992995,0.4214572416047099,0.5292357021040094
2017,GL,AJ Finch,GL,0.4852081671260627,0.0,0.4852081671260627
2017,GL,KD Karthik,GL,0.4813255071773645,0.0,0.4813255071773645
2017,KKR,SP Narine,KKR,0.4659233885487922,0.7885015995701619,1.254424988118954
2017,KKR,CR Woakes,KKR,0.26841194855316397,0.6174294817885259,0.8858414303416898
2017,KKR,UT Yadav,KKR,0.16628971089494543,0.6624775447775509,0.8287672556724963
2017,KKR,Kuldeep Yadav,KKR,0.2328720543356485,0.5843128286181193,0.8171848829537678
2017,KKR,C de Grandhomme,KKR,0.37298285680787197,0.3297584375033861,0.7027412943112581
2017,KKR,NM Coulter-Nile,KKR,0.2638013677796628,0.43217992580048464,0.6959812935801475
2017,KKR,CA Lynn,KKR,0.6055779587545749,0.0,0.6055779587545749
2017,KKR,YK Pathan,KKR,0.36315496810822684,0.2287298631948473,0.5918848313030741
2017,KKR,TA Boult,KKR,0.12841977743028965,0.43497900293958824,0.5633987803698779
2017,KKR,MK Pandey,KKR,0.5187982080507468,0.0,0.5187982080507468
2017,KKR,RV Uthappa,KKR,0.5079709282252837,0.0,0.5079709282252837
2017,KXIP,AR Patel,KXIP,0.44652254203601066,0.6481990421752587,1.0947215842112694
2017,KXIP,MM Sharma,KXIP,0.26335887000230085,0.6418630770244392,0.9052219470267401
2017,KXIP,Sandeep Sharma,KXIP,0.24605198677519566,0.6568734552996742,0.9029254420748699
2017,KXIP,GJ Maxwell,KXIP,0.5254274828470722,0.3152971709872204,0.8407246538342925
2017,KXIP,R Tewatia,KXIP,0.43712046992478487,0.19602225070005047,0.6331427206248353
2017,KXIP,HM Amla,KXIP,0.5928973199578328,0.0,0.5928973199578328
2017,KXIP,MP Stoinis,KXIP,0.1762633056275166,0.33274657617493836,0.509009881802455
2017,KXIP,Swapnil Singh,KXIP,0.1593850586049173,0.3134744253712065,0.4728594839761238
2017,KXIP,VR Aaron,KXIP,0.10402567979367046,0.3473022027234537,0.45132788251712413
2017,KXIP,SE Marsh,KXIP,0.4456090951558875,0.0,0.4456090951558875
2017,KXIP,Anureet Singh,KXIP,0.3205757902007807,0.1097252278826631,0.4303010180834438
2017,MI,JJ Bumrah,MI,0.3451448977110263,0.7681621747425116,1.1133070724535379
2017,MI,SL Malinga,MI,0.4742690301023385,0.6337591852100022,1.1080282153123406
2017,MI,KH Pandya,MI,0.4595701670428024,0.5606234573297962,1.0201936243725986
2017,MI,MJ McClenaghan,MI,0.25355161258903736,0.735248981669653,0.9888005942586904
2017,MI,HH Pandya,MI,0.5200424300531461,0.43843432155300494,0.958476751606151
2017,MI,Harbhajan Singh,MI,0.25754755997592277,0.5820876532746049,0.8396352132505276
2017,MI,TG Southee,MI,0.5024254941963239,0.266504669667494,0.7689301638638179
2017,MI,KV Sharma,MI,0.2940152686800264,0.44573946153715943,0.7397547302171859
2017,MI,KA Pollard,MI,0.46213770824232026,0.1283289384287587,0.590466646671079
2017,MI,MG Johnson,MI,0.2450431120343445,0.33391908169369905,0.5789621937280436
2017,MI,SS Tiwary,MI,0.4779179564541956,0.0,0.4779179564541956
2017,RCB,P Negi,RCB,0.3701742526121584,0.4560635745327225,0.8262378271448809
2017,RCB,S Aravind,RCB,0.22080796619394205,0.5348123994946148,0.7556203656885568
2017,RCB,SR Watson,RCB,0.25613095810852193,0.4808655806587756,0.7369965387672975
2017,RCB,YS Chahal,RCB,0.13789435082319865,0.5982983354476332,0.7361926862708319
2017,RCB,TM Head,RCB,0.4371388320012255,0.2692186419159206,0.7063574739171461
2017,RCB,A Choudhary,RCB,0.37100217575145816,0.32391659592788846,0.6949187716793466
2017,RCB,S Badree,RCB,0.14073733335160163,0.3942966773580973,0.5350340107096989
2017,RCB,TS Mills,RCB,0.16714094801709795,0.3389459250237301,0.5060868730408281
2017,RCB,AF Milne,RCB,0.14156797905427107,0.341182268245544,0.4827502472998151
2017,RCB,STR Binny,RCB,0.29620039191549064,0.16919866233293993,0.46539905424843053
2017,RCB,KM Jadhav,RCB,0.4266963114333187,0.0,0.4266963114333187
2017,RPS,BA Stokes,RPS,0.4618339891869327,0.6042387387003487,1.0660727278872815
2017,RPS,DT Christian,RPS,0.4206377263816487,0.5648627816557847,0.9855005080374335
2017,RPS,DL Chahar,RPS,0.5335577940367628,0.3501190458507937,0.8836768398875565
2017,RPS,AB Dinda,RPS,0.2348184422810303,0.5004107012806469,0.7352291435616772
2017,RPS,JD Unadkat,RPS,0.08623579417056243,0.6233282909064304,0.7095640850769929
2017,RPS,Washington Sundar,RPS,0.20586578321525795,0.44209126196230014,0.647957045177558
2017,RPS,Imran Tahir,RPS,0.002975835746453714,0.6398926466041067,0.6428684823505604
2017,RPS,Ankit Sharma,RPS,0.44866641802732843,0.12102489327707029,0.5696913113043988
2017,RPS,SN Thakur,RPS,0.010207402670540591,0.5533326992881602,0.5635401019587007
2017,RPS,RA Tripathi,RPS,0.46209117447716835,0.09316709145149608,0.5552582659286645
2017,RPS,RD Chahar,RPS,0.30404129578766,0.22081292809731165,0.5248542238849716
2017,SRH,MC Henriques,SRH,0.5147625879521593,1.0,1.5147625879521593
2017,SRH,BCJ Cutting,SRH,0.5160312946672255,0.5423541595915571,1.0583854542587825
2017,SRH,Rashid Khan,SRH,0.27869673681270957,0.7012661553057278,0.9799628921184373
2017,SRH,B Kumar,SRH,0.22487849562054615,0.698105605309312,0.9229841009298582
2017,SRH,Bipul Sharma,SRH,0.40603655294459634,0.3552913485458386,0.7613279014904349
2017,SRH,DJ Hooda,SRH,0.43455473107013065,0.17779330084423406,0.6123480319143647
2017,SRH,Yuvraj Singh,SRH,0.445350555467818,0.15997992315044618,0.6053304786182642
2017,SRH,DA Warner,SRH,0.5898911493963964,0.0,0.5898911493963964
2017,SRH,S Kaul,SRH,0.002975835746453714,0.5183576379114232,0.5213334736578769
2017,SRH,KS Williamson,SRH,0.5164851493894673,0.0,0.5164851493894673
2017,SRH,V Shankar,SRH,0.5077317816939964,0.0,0.5077317816939964
2018,CSK,SN Thakur,CSK,0.6051067558288662,0.6507961451268007,1.2559029009556668
2018,CSK,DJ Bravo,CSK,0.4988935392425835,0.7435890181552167,1.2424825573978002
2018,CSK,SR Watson,CSK,0.5348082037348878,0.47788005205030226,1.0126882557851902
2018,CSK,DL Chahar,CSK,0.43246948818781544,0.5446621942765424,0.9771316824643579
2018,CSK,RA Jadeja,CSK,0.350317634348407,0.5756987053711594,0.9260163397195664
2018,CSK,Harbhajan Singh,CSK,0.2135622330612948,0.5047606382672741,0.718322871328569
2018,CSK,MS Dhoni,CSK,0.6871433421286149,0.0,0.6871433421286149
2018,CSK,Imran Tahir,CSK,0.20368614244059124,0.37430598573503704,0.5779921281756283
2018,CSK,AT Rayudu,CSK,0.5433383289628797,0.0,0.5433383289628797
2018,CSK,SK Raina,CSK,0.47918904099720105,0.0,0.47918904099720105
2018,CSK,F du Plessis,CSK,0.4149597248945122,0.0,0.4149597248945122
2018,DD,HV Patel,DD,0.6377113644401392,0.3285904141520711,0.9663017785922103
2018,DD,CH Morris,DD,0.5715837022548252,0.35110661099087326,0.9226903132456985
2018,DD,V Shankar,DD,0.5569022547479718,0.2887862463874201,0.845688501135392
2018,DD,TA Boult,DD,0.0034024675568468635,0.7115898338191821,0.7149923013760289
2018,DD,R Tewatia,DD,0.3223399259457872,0.37888581086894374,0.701225736814731
2018,DD,GJ Maxwell,DD,0.38099075126813875,0.31097666104099553,0.6919674123091343
2018,DD,Abhishek Sharma,DD,0.6722741812824211,0.0,0.6722741812824211
2018,DD,RR Pant,DD,0.6299055332702751,0.0,0.6299055332702751
2018,DD,A Mishra,DD,0.10333098909352248,0.5229635904932816,0.626294579586804
2018,DD,Mohammed Shami,DD,0.26825677937627357,0.34758058514823553,0.6158373645245091
2018,DD,LE Plunkett,DD,0.07772251993023362,0.4837556526357486,0.5614781725659822
2018,KKR,SP Narine,KKR,0.5298745278318763,0.7914951262291511,1.3213696540610274
2018,KKR,AD Russell,KKR,0.5416669204968745,0.5551714870117918,1.0968384075086663
2018,KKR,PP Chawla,KKR,0.21066196857037853,0.6725160157982192,0.8831779843685977
2018,KKR,MG Johnson,KKR,0.2978848125795304,0.5835836636587722,0.8814684762383027
2018,KKR,Kuldeep Yadav,KKR,0.16265231745575398,0.6906768471272507,0.8533291645830048
2018,KKR,Shivam Mavi,KKR,0.20552307776436204,0.510271917122423,0.7157949948867851
2018,KKR,R Vinay Kumar,KKR,0.4043964491347288,0.23803431810466305,0.6424307672393919
2018,KKR,JPR Scantlebury-Searles,KKR,0.30913849465441706,0.27991209829419467,0.5890505929486117
2018,KKR,N Rana,KKR,0.4125647662473175,0.15940315939612595,0.5719679256434435
2018,KKR,KD Karthik,KKR,0.5675963355971155,0.0,0.5675963355971155
2018,KKR,M Prasidh Krishna,KKR,0.04609373283173493,0.44893228798271195,0.4950260208144469
2018,KXIP,R Ashwin,KXIP,0.3731081041697176,0.7049615612301662,1.0780696653998838
2018,KXIP,AJ Tye,KXIP,0.21738312145234062,0.7471213008935573,0.964504422345898
2018,KXIP,Mujeeb Ur Rahman,KXIP,0.3375676904736461,0.566320758991669,0.9038884494653151
2018,KXIP,AR Patel,KXIP,0.31579500939182026,0.5393669675965582,0.8551619769883785
2018,KXIP,MM Sharma,KXIP,0.2107644249527155,0.5116356697377568,0.7224000946904723
2018,KXIP,MP Stoinis,KXIP,0.3923510130179404,0.303091222177542,0.6954422351954823
2018,KXIP,KL Rahul,KXIP,0.609545354508453,0.0,0.609545354508453
2018,KXIP,BB Sran,KXIP,0.1112501236215838,0.45898682476813274,0.5702369483897165
2018,KXIP,AS Rajpoot,KXIP,0.14785932100529242,0.4137653634177615,0.5616246844230539
2018,KXIP,CH Gayle,KXIP,0.511564087441342,0.0,0.511564087441342
2018,KXIP,KK Nair,KXIP,0.42250924594531186,0.0,0.42250924594531186
2018,MI,HH Pandya,MI,0.43569052454014884,0.6020643002082045,1.0377548247483532
2018,MI,KH Pandya,MI,0.43155972013684046,0.5578313973851512,0.9893911175219916
2018,MI,JJ Bumrah,MI,0.23627452189249537,0.7045894752231191,0.9408639971156145
2018,MI,BCJ Cutting,MI,0.45678995682683743,0.4785254095512427,0.9353153663780801
2018,MI,M Markande,MI,0.24017498259675116,0.614342136788035,0.8545171193847861
2018,MI,MJ McClenaghan,MI,0.2609748724483797,0.568518377190297,0.8294932496386767
2018,MI,Mustafizur Rahman,MI,0.07729588811984046,0.4469911959209588,0.5242870840407993
2018,MI,SA Yadav,MI,0.4761579483737721,0.0,0.4761579483737721
2018,MI,JP Duminy,MI,0.35265158961851084,0.11235446340104302,0.4650060530195539
2018,MI,E Lewis,MI,0.44989817013533356,0.0,0.44989817013533356
2018,MI,Ishan Kishan,MI,0.44075231509359786,0.0,0.44075231509359786
2018,RCB,Mohammed Siraj,RCB,0.2955638570545759,0.5971694113224137,0.8927332683769896
2018,RCB,Washington Sundar,RCB,0.4575022247281744,0.4123307742893276,0.869832999017502
2018,RCB,TG Southee,RCB,0.3544205302230701,0.5141441955731602,0.8685647257962302
2018,RCB,C de Grandhomme,RCB,0.4533381600924948,0.40480693987147953,0.8581450999639744
2018,RCB,UT Yadav,RCB,0.07380174654287891,0.7075779374222535,0.7813796839651324
2018,RCB,MM Ali,RCB,0.434440783644456,0.29183061911681557,0.7262714027612716
2018,RCB,YS Chahal,RCB,0.002975835746453714,0.6745419242710593,0.677517760017513
2018,RCB,AB de Villiers,RCB,0.6259654149177286,0.0,0.6259654149177286
2018,RCB,CR Woakes,RCB,0.22928236133416424,0.344499834652021,0.5737821959861853
2018,RCB,V Kohli,RCB,0.5389474442807018,0.0,0.5389474442807018
2018,RCB,CJ Anderson,RCB,0.1896156811890122,0.2836440108345923,0.4732596920236045
2018,RR,K Gowtham,RR,0.49651547698391807,0.5696147426340596,1.0661302196179778
2018,RR,JD Unadkat,RR,0.33453487620775835,0.7185928390578057,1.053127715265564
2018,RR,BA Stokes,RR,0.3560643609094036,0.5589315570093706,0.9149959179187741
2018,RR,S Gopal,RR,0.30943407018430913,0.4618895576342951,0.7713236278186042
2018,RR,JC Archer,RR,0.1817762966610932,0.5520523332493278,0.733828629910421
2018,RR,DS Kulkarni,RR,0.20466530379511472,0.4043021635648644,0.6089674673599792
2018,RR,JC Buttler,RR,0.5987631464630426,0.0,0.5987631464630426
2018,RR,DJM Short,RR,0.3270034229639446,0.1416630182406142,0.4686664412045588
2018,RR,SV Samson,RR,0.46462229211071676,0.0,0.46462229211071676
2018,RR,B Laughlin,RR,0.061003351382611974,0.36842751510114763,0.4294308664837596
2018,RR,RA Tripathi,RR,0.4199418566971292,0.0,0.4199418566971292
2018,SRH,Rashid Khan,SRH,0.45615613213441353,0.854105037756802,1.3102611698912154
2018,SRH,Shakib Al Hasan,SRH,0.3787666166880331,0.757932448669743,1.136699065357776
2018,SRH,S Kaul,SRH,0.05976959389586928,0.8524313421219083,0.9122009360177776
2018,SRH,B Kumar,SRH,0.2043156631227453,0.6542440771665718,0.8585597402893171
2018,SRH,B Stanlake,SRH,0.5047516024817975,0.309342336554566,0.8140939390363635
2018,SRH,CR Brathwaite,SRH,0.4366999823398299,0.23565817872680567,0.6723581610666356
2018,SRH,Sandeep Sharma,SRH,0.009780770860147442,0.6094729879149773,0.6192537587751247
2018,SRH,Mohammad Nabi,SRH,0.3470443741861068,0.2534184423881507,0.6004628165742575
2018,SRH,KS Williamson,SRH,0.5780369189354652,0.0,0.5780369189354652
2018,SRH,YK Pathan,SRH,0.42805223760511696,0.11754320278290574,0.5455954403880227
2018,SRH,S Dhawan,SRH,0.4966778513799195,0.0,0.4966778513799195
2019,CSK,RA Jadeja,CSK,0.4256672508972737,0.6991912535422499,1.1248585044395236
2019,CSK,DL Chahar,CSK,0.17803685873955083,0.8246827709798328,1.0027196297193837
2019,CSK,SN Thakur,CSK,0.44190705227846844,0.4862458812357088,0.9281529335141772
2019,CSK,DJ Bravo,CSK,0.3412230269544796,0.5856270588232552,0.9268500857777348
2019,CSK,Imran Tahir,CSK,0.002975835746453714,0.8212964367295746,0.8242722724760283
2019,CSK,MJ Santner,CSK,0.42751900618132516,0.27487272778695315,0.7023917339682784
2019,CSK,MS Dhoni,CSK,0.6787997659560907,0.0,0.6787997659560907
2019,CSK,Harbhajan Singh,CSK,0.07432005237338675,0.597647123014813,0.6719671753881998
2019,CSK,SK Raina,CSK,0.40511409248154084,0.05138038871313478,0.4564944811946756
2019,CSK,F du Plessis,CSK,0.4462791350696561,0.0,0.4462791350696561
2019,CSK,SR Watson,CSK,0.4148743771155254,0.0,0.4148743771155254
2019,DD,I Sharma,DD,0.6779551725429297,0.6297278277196882,1.3076830002626179
2019,DD,AR Patel,DD,0.3685466950034022,0.6959850384552616,1.0645317334586637
2019,DD,K Rabada,DD,0.2203781207847674,0.6508046039561889,0.8711827247409563
2019,DD,A Mishra,DD,0.23422331110384376,0.5553406360510577,0.7895639471549014
2019,DD,TA Boult,DD,0.39130284379454083,0.3593332973013795,0.7506361410959204
2019,DD,CH Morris,DD,0.21641420573178333,0.5006673165722101,0.7170815223039935
2019,DD,SE Rutherford,DD,0.35708412533865536,0.30279561551181844,0.6598797408504737
2019,DD,KMA Paul,DD,0.18525190518090892,0.4344865953789796,0.6197385005598885
2019,DD,R Tewatia,DD,0.36473703998714874,0.1837075551224807,0.5484445951096294
2019,DD,RR Pant,DD,0.5438662598371058,0.0,0.5438662598371058
2019,DD,S Dhawan,DD,0.4795775273788097,0.0,0.4795775273788097
2019,KKR,AD Russell,KKR,0.705999540394348,0.4733372551479617,1.1793367955423097
2019,KKR,SP Narine,KKR,0.439979862679661,0.6257350996515527,1.0657149623312137
2019,KKR,PP Chawla,KKR,0.3049700475416622,0.6442782469415964,0.9492482944832585
2019,KKR,Kuldeep Yadav,KKR,0.3405068950824694,0.6060892651493652,0.9465961602318347
2019,KKR,M Prasidh Krishna,KKR,0.0034024675568468635,0.7398393232817796,0.7432417908386264
2019,KKR,KC Cariappa,KKR,0.6051067558288662,0.1375830297082373,0.7426897855371035
2019,KKR,N Rana,KKR,0.48281748948534275,0.22183938410215157,0.7046568735874943
2019,KKR,LH Ferguson,KKR,0.0,0.4983218620859623,0.4983218620859623
2019,KKR,HF Gurney,KKR,0.043117897085281215,0.4486707798943122,0.4917886769795934
2019,KKR,KD Karthik,KKR,0.4747429305083081,0.0,0.4747429305083081
2019,KKR,CA Lynn,KKR,0.4621883408014697,0.0,0.4621883408014697
2019,KXIP,R Ashwin,KXIP,0.3571324979492417,0.7227892527243388,1.0799217506735805
2019,KXIP,SM Curran,KXIP,0.47748223911345816,0.5169040850365694,0.9943863241500275
2019,KXIP,Mohammed Shami,KXIP,0.11118092805614635,0.7267291367146861,0.8379100647708324
2019,KXIP,M Ashwin,KXIP,0.14269610547317466,0.5595595991811321,0.7022557046543068
2019,KXIP,Mandeep Singh,KXIP,0.49557152796057835,0.1097252278826631,0.6052967558432415
2019,KXIP,SN Khan,KXIP,0.46860408875026177,0.12727884541003864,0.5958829341603005
2019,KXIP,KL Rahul,KXIP,0.5594592940769522,0.0,0.5594592940769522
2019,KXIP,CH Gayle,KXIP,0.5323856881724369,0.0,0.5323856881724369
2019,KXIP,AJ Tye,KXIP,0.002975835746453714,0.5120548336948366,0.5150306694412903
2019,KXIP,GC Viljoen,KXIP,0.10202971257685772,0.40626068286595685,0.5082903954428146
2019,KXIP,N Pooran,KXIP,0.45749939535027434,0.0,0.45749939535027434
2019,MI,HH Pandya,MI,0.628842543785235,0.606035606494804,1.234878150280039
2019,MI,KH Pandya,MI,0.3638921916521183,0.6286819733075717,0.99257416495969
2019,MI,RD Chahar,MI,0.2579696768035047,0.6270797130284765,0.8850493898319812
2019,MI,JJ Bumrah,MI,0.005951671492907428,0.781718811548322,0.7876704830412294
2019,MI,SL Malinga,MI,0.0,0.6374174304574819,0.6374174304574819
2019,MI,M Markande,MI,0.27348886796053445,0.2979557070721125,0.5714445750326469
2019,MI,MJ McClenaghan,MI,0.16659605599357138,0.38609345453670035,0.5526895105302717
2019,MI,KA Pollard,MI,0.5122929968043044,0.0,0.5122929968043044
2019,MI,Q de Kock,MI,0.4754404490369963,0.0,0.4754404490369963
2019,MI,SA Yadav,MI,0.4542283535233764,0.0,0.4542283535233764
2019,MI,AS Joseph,MI,0.23753122335660326,0.21489696318412443,0.4524281865407277
2019,RCB,MP Stoinis,RCB,0.5366764275438816,0.44191386982375946,0.978590297367641
2019,RCB,MM Ali,RCB,0.48596800687041186,0.40382523246333646,0.8897932393337483
2019,RCB,UT Yadav,RCB,0.2771345494915261,0.5915089594069531,0.8686435088984792
2019,RCB,NA Saini,RCB,0.1152017676515302,0.6709487513479196,0.7861505189994499
2019,RCB,YS Chahal,RCB,0.09753628646699374,0.6646130832541226,0.7621493697211164
2019,RCB,TG Southee,RCB,0.20368614244059124,0.4873411483403741,0.6910272907809654
2019,RCB,Mohammed Siraj,RCB,0.08703616323143798,0.4741124614987288,0.5611486247301668
2019,RCB,AB de Villiers,RCB,0.5491311417587991,0.0,0.5491311417587991
2019,RCB,V Kohli,RCB,0.47551443945155664,0.0,0.47551443945155664
2019,RCB,P Negi,RCB,0.17329614729020254,0.2812933489207275,0.45458949621093003
2019,RCB,PA Patel,RCB,0.44180677178110994,0.0,0.44180677178110994
2019,RR,JC Archer,RR,0.5000592345384786,0.5903601852018335,1.090419419740312
2019,RR,S Gopal,RR,0.36660455350457144,0.6452033737558219,1.0118079272603935
2019,RR,K Gowtham,RR,0.22872104495183337,0.7577315578193141,0.9864526027711475
2019,RR,DS Kulkarni,RR,0.3374796328829033,0.5865578445005456,0.9240374773834489
2019,RR,R Parag,RR,0.41301484487946566,0.3831621290439838,0.7961769739234494
2019,RR,STR Binny,RR,0.47030835515417996,0.26557060886049194,0.7358789640146719
2019,RR,BA Stokes,RR,0.36774480238370166,0.3456503833645621,0.7133951857482638
2019,RR,JD Unadkat,RR,0.08324755961274789,0.5805960566548067,0.6638436162675546
2019,RR,MK Lomror,RR,0.573769710823257,0.0,0.573769710823257
2019,RR,LS Livingstone,RR,0.40835869113465323,0.10013154190788963,0.5084902330425428
2019,RR,JC Buttler,RR,0.5040213359355398,0.0,0.5040213359355398
2019,SRH,Rashid Khan,SRH,0.35201936231736686,0.7620295771150664,1.114048939432433
2019,SRH,Sandeep Sharma,SRH,0.4073722848811825,0.6006318407422906,1.008004125623473
2019,SRH,B Kumar,SRH,0.15941762303272444,0.7818368409256722,0.9412544639583966
2019,SRH,Mohammad Nabi,SRH,0.4097391674187629,0.4385189138432172,0.84825808126198
2019,SRH,V Shankar,SRH,0.38581676385252717,0.3498284599239375,0.7356452237764647
2019,SRH,DA Warner,SRH,0.6404834365443299,0.0,0.6404834365443299
2019,SRH,JM Bairstow,SRH,0.595688971874337,0.0,0.595688971874337
2019,SRH,Shakib Al Hasan,SRH,0.22364235442317054,0.310768448156365,0.5344108025795355
2019,SRH,KK Ahmed,SRH,0.0034024675568468635,0.508979515347232,0.5123819829040788
2019,SRH,MK Pandey,SRH,0.48934837495101585,0.0,0.48934837495101585
2019,SRH,S Kaul,SRH,0.006378303303300578,0.4638727376489119,0.4702510409522125
