TEAM1,TEAM1_MODEL,TEAM2,TEAM2_MODEL,TOSS_WINNER,TOSS_WINNER_MODEL,TEAM1_STRENGTH,TEAM1_CUMU_STRENGTH,TEAM2_STRENGTH,TEAM2_CUMU_STRENGTH,WIN_RATE_TEAM1,WIN_RATE_TEAM2,WINNER,WINNER_MODEL,AHP_RATIO_TEAM1,AHP_RATIO_TEAM2
KKR,1,RCB,0,RCB,0,224.5290543,224.5290543,281.7181509,281.7181509,0.0,0.0,KKR,1,12.745465,9.982425
CSK,1,KXIP,0,CSK,1,260.9975198,260.9975198,233.5653872,233.5653872,0.0,0.0,CSK,1,16.900712,9.380131
DD,1,RR,0,RR,0,305.1106061000001,305.1106061000001,251.3936012,251.3936012,0.0,0.0,DD,1,8.076035,12.695051
RCB,1,MI,0,MI,0,281.7181509,281.7181509,336.7994228,336.7994228,0.0,0.0,RCB,1,9.982425,15.160852
KKR,1,SRH,0,SRH,0,224.5290543,224.5290543,251.8548469,251.8548469,1.0,0.0,KKR,1,12.745465,9.026536
RR,1,KXIP,0,KXIP,0,251.3936012,251.3936012,233.5653872,233.5653872,0.0,0.0,RR,1,12.695051,9.380131
DD,1,SRH,0,SRH,0,305.1106061000001,305.1106061000001,251.8548469,251.8548469,1.0,0.0,DD,1,8.076035,9.026536
CSK,1,MI,0,MI,0,260.9975198,260.9975198,336.7994228,336.7994228,1.0,0.0,CSK,1,16.900712,15.160852
RR,1,SRH,0,RR,1,251.3936012,251.3936012,251.8548469,251.8548469,0.5,0.0,RR,1,12.695051,9.026536
KXIP,1,MI,0,MI,0,233.5653872,233.5653872,336.7994228,336.7994228,0.0,0.0,KXIP,1,9.380131,15.160852
RR,1,RCB,0,RR,1,251.3936012,251.3936012,281.7181509,281.7181509,0.6666666666666666,0.5,RR,1,12.695051,9.982425
CSK,1,KKR,0,KKR,0,260.9975198,260.9975198,224.5290543,224.5290543,1.0,1.0,CSK,1,16.900712,12.745465
MI,1,SRH,0,SRH,0,336.7994228,336.7994228,251.8548469,251.8548469,0.0,0.0,SRH,0,15.160852,9.026536
DD,1,KXIP,0,DD,1,305.1106061000001,305.1106061000001,233.5653872,233.5653872,1.0,0.3333333333333333,KXIP,0,8.076035,9.380131
CSK,1,RCB,0,CSK,1,260.9975198,260.9975198,281.7181509,281.7181509,1.0,0.3333333333333333,CSK,1,16.900712,9.982425
KKR,1,MI,0,KKR,1,224.5290543,224.5290543,336.7994228,336.7994228,0.6666666666666666,0.0,MI,0,12.745465,15.160852
DD,1,RCB,0,RCB,0,305.1106061000001,305.1106061000001,281.7181509,281.7181509,0.6666666666666666,0.25,DD,1,8.076035,9.982425
SRH,1,KXIP,0,KXIP,0,251.8548469,251.8548469,233.5653872,233.5653872,0.25,0.5,KXIP,0,9.026536,9.380131
RR,1,KKR,0,RR,1,251.3936012,251.3936012,224.5290543,224.5290543,0.75,0.5,RR,1,12.695051,12.745465
CSK,1,DD,0,CSK,1,260.9975198,260.9975198,305.1106061000001,305.1106061000001,1.0,0.75,DD,0,16.900712,8.076035
SRH,1,RCB,0,SRH,1,251.8548469,251.8548469,281.7181509,281.7181509,0.2,0.2,RCB,0,9.026536,9.982425
KXIP,1,KKR,0,KXIP,1,233.5653872,233.5653872,224.5290543,224.5290543,0.6,0.4,KXIP,1,9.380131,12.745465
MI,1,DD,0,DD,0,336.7994228,336.7994228,305.1106061000001,305.1106061000001,0.2,0.8,MI,1,15.160852,8.076035
CSK,1,RR,0,CSK,1,260.9975198,260.9975198,251.3936012,251.3936012,0.8,0.8,RR,0,16.900712,12.695051
RCB,1,KXIP,0,KXIP,0,281.7181509,281.7181509,233.5653872,233.5653872,0.3333333333333333,0.6666666666666666,KXIP,0,9.982425,9.380131
CSK,1,SRH,0,SRH,0,260.9975198,260.9975198,251.8548469,251.8548469,0.6666666666666666,0.16666666666666666,SRH,0,16.900712,9.026536
RR,1,MI,0,MI,0,251.3936012,251.3936012,336.7994228,336.7994228,0.8333333333333334,0.3333333333333333,MI,0,12.695051,15.160852
DD,1,CSK,0,CSK,0,305.1106061000001,305.1106061000001,260.9975198,260.9975198,0.6666666666666666,0.5714285714285714,CSK,0,8.076035,16.900712
KKR,1,RCB,0,KKR,1,224.5290543,224.5290543,281.7181509,281.7181509,0.3333333333333333,0.2857142857142857,KKR,1,12.745465,9.982425
SRH,1,RR,0,RR,0,251.8548469,251.8548469,251.3936012,251.3936012,0.2857142857142857,0.7142857142857143,RR,0,9.026536,12.695051
RCB,1,MI,0,MI,0,281.7181509,281.7181509,336.7994228,336.7994228,0.25,0.42857142857142855,MI,0,9.982425,15.160852
CSK,1,KXIP,0,KXIP,0,260.9975198,260.9975198,233.5653872,233.5653872,0.625,0.7142857142857143,CSK,1,16.900712,9.380131
KKR,1,SRH,0,KKR,1,224.5290543,224.5290543,251.8548469,251.8548469,0.42857142857142855,0.25,KKR,1,12.745465,9.026536
DD,1,RR,0,RR,0,305.1106061000001,305.1106061000001,251.3936012,251.3936012,0.5714285714285714,0.75,RR,0,8.076035,12.695051
RCB,1,KXIP,0,RCB,1,281.7181509,281.7181509,233.5653872,233.5653872,0.2222222222222222,0.625,KXIP,0,9.982425,9.380131
KKR,1,DD,0,KKR,1,224.5290543,224.5290543,305.1106061000001,305.1106061000001,0.5,0.5,KKR,1,12.745465,8.076035
CSK,1,MI,0,MI,0,260.9975198,260.9975198,336.7994228,336.7994228,0.6666666666666666,0.5,MI,0,16.900712,15.160852
KXIP,1,RR,0,RR,0,233.5653872,233.5653872,251.3936012,251.3936012,0.6666666666666666,0.7777777777777778,KXIP,1,9.380131,12.695051
DD,1,SRH,0,SRH,0,305.1106061000001,305.1106061000001,251.8548469,251.8548469,0.4444444444444444,0.2222222222222222,DD,1,8.076035,9.026536
KKR,1,MI,0,MI,0,224.5290543,224.5290543,336.7994228,336.7994228,0.5555555555555556,0.5555555555555556,MI,0,12.745465,15.160852
DD,1,KXIP,0,DD,1,305.1106061000001,305.1106061000001,233.5653872,233.5653872,0.5,0.7,KXIP,0,8.076035,9.380131
RR,1,RCB,0,RCB,0,251.3936012,251.3936012,281.7181509,281.7181509,0.7,0.2,RR,1,12.695051,9.982425
MI,1,SRH,0,SRH,0,336.7994228,336.7994228,251.8548469,251.8548469,0.6,0.2,MI,1,15.160852,9.026536
KKR,1,CSK,0,KKR,1,224.5290543,224.5290543,260.9975198,260.9975198,0.5,0.6,CSK,0,12.745465,16.900712
RCB,1,DD,0,DD,0,281.7181509,281.7181509,305.1106061000001,305.1106061000001,0.18181818181818185,0.4545454545454545,DD,0,9.982425,8.076035
KKR,1,RR,0,RR,0,224.5290543,224.5290543,251.3936012,251.3936012,0.4545454545454545,0.7272727272727273,RR,0,12.745465,12.695051
KXIP,1,MI,0,MI,0,233.5653872,233.5653872,336.7994228,336.7994228,0.7272727272727273,0.6363636363636364,KXIP,1,9.380131,15.160852
RCB,1,CSK,0,RCB,1,281.7181509,281.7181509,260.9975198,260.9975198,0.16666666666666666,0.6363636363636364,RCB,1,9.982425,16.900712
SRH,1,KXIP,0,KXIP,0,251.8548469,251.8548469,233.5653872,233.5653872,0.18181818181818185,0.75,KXIP,0,9.026536,9.380131
MI,1,DD,0,DD,0,336.7994228,336.7994228,305.1106061000001,305.1106061000001,0.5833333333333334,0.5,DD,0,15.160852,8.076035
RR,1,CSK,0,RR,1,251.3936012,251.3936012,260.9975198,260.9975198,0.75,0.5833333333333334,RR,1,12.695051,16.900712
RCB,1,SRH,0,SRH,0,281.7181509,281.7181509,251.8548469,251.8548469,0.2307692307692308,0.16666666666666666,RCB,1,9.982425,9.026536
KXIP,1,KKR,0,KXIP,1,233.5653872,233.5653872,224.5290543,224.5290543,0.7692307692307693,0.4166666666666667,KKR,0,9.380131,12.745465
MI,1,RR,0,RR,0,336.7994228,336.7994228,251.3936012,251.3936012,0.5384615384615384,0.7692307692307693,RR,0,15.160852,12.695051
SRH,1,CSK,0,SRH,1,251.8548469,251.8548469,260.9975198,260.9975198,0.15384615384615385,0.5384615384615384,CSK,0,9.026536,16.900712
RR,1,DD,0,DD,0,251.3936012,251.3936012,305.1106061000001,305.1106061000001,0.7857142857142857,0.5384615384615384,RR,1,12.695051,8.076035
KXIP,1,CSK,0,KXIP,1,233.5653872,233.5653872,260.9975198,260.9975198,0.7142857142857143,0.5714285714285714,CSK,0,9.380131,16.900712
CSK,1,RR,0,RR,0,260.9975198,260.9975198,251.3936012,251.3936012,0.6,0.8,RR,0,16.900712,12.695051
MI,1,CSK,0,CSK,0,331.6517094,331.6517094,336.62857139999994,336.62857139999994,0.5,0.5625,MI,1,15.160852,16.900712
RCB,1,RR,0,RCB,1,227.4338542,227.4338542,331.6461538000001,331.6461538000001,0.2857142857142857,0.8125,RCB,1,9.982425,12.695051
KXIP,1,DD,0,DD,0,282.9642857,282.9642857,296.6,296.6,0.6666666666666666,0.5,DD,0,9.380131,8.076035
KKR,1,SRH,0,KKR,1,303.1287046,303.1287046,234.5125,234.5125,0.4615384615384616,0.14285714285714285,SRH,0,12.745465,9.026536
CSK,1,RCB,0,CSK,1,336.62857139999994,336.62857139999994,227.4338542,227.4338542,0.5294117647058824,0.3333333333333333,CSK,1,16.900712,9.982425
KXIP,1,KKR,0,KKR,0,282.9642857,282.9642857,303.1287046,303.1287046,0.625,0.42857142857142855,KKR,0,9.380131,12.745465
SRH,1,RCB,0,SRH,1,234.5125,234.5125,227.4338542,227.4338542,0.2,0.3125,SRH,1,9.026536,9.982425
DD,1,CSK,0,DD,1,296.6,296.6,336.62857139999994,336.62857139999994,0.5333333333333333,0.5555555555555556,DD,1,8.076035,16.900712
RR,1,KKR,0,KKR,0,331.6461538000001,331.6461538000001,303.1287046,303.1287046,0.7647058823529411,0.4666666666666667,RR,1,12.695051,12.745465
RCB,1,KXIP,0,RCB,1,227.4338542,227.4338542,282.9642857,282.9642857,0.29411764705882354,0.5882352941176471,KXIP,0,9.982425,9.380131
SRH,1,MI,0,SRH,1,234.5125,234.5125,331.6517094,331.6517094,0.25,0.5333333333333333,SRH,1,9.026536,15.160852
RCB,1,DD,0,RCB,1,227.4338542,227.4338542,296.6,296.6,0.2777777777777778,0.5625,DD,0,9.982425,8.076035
KXIP,1,RR,0,KXIP,1,282.9642857,282.9642857,331.6461538000001,331.6461538000001,0.6111111111111112,0.7777777777777778,KXIP,1,9.380131,12.695051
CSK,1,SRH,0,SRH,0,336.62857139999994,336.62857139999994,234.5125,234.5125,0.5263157894736842,0.29411764705882354,SRH,0,16.900712,9.026536
MI,1,KKR,0,MI,1,331.6517094,331.6517094,303.1287046,303.1287046,0.5,0.4375,MI,1,15.160852,12.745465
DD,1,RR,0,DD,1,296.6,296.6,331.6461538000001,331.6461538000001,0.5882352941176471,0.7368421052631579,RR,0,8.076035,12.695051
KKR,1,RCB,0,KKR,1,303.1287046,303.1287046,227.4338542,227.4338542,0.4117647058823529,0.2631578947368421,RCB,0,12.745465,9.982425
KXIP,1,MI,0,KXIP,1,282.9642857,282.9642857,331.6517094,331.6517094,0.631578947368421,0.5294117647058824,KXIP,1,9.380131,15.160852
SRH,1,DD,0,DD,0,234.5125,234.5125,296.6,296.6,0.3333333333333333,0.5555555555555556,DD,0,9.026536,8.076035
CSK,1,RR,0,RR,0,336.62857139999994,336.62857139999994,331.6461538000001,331.6461538000001,0.5,0.75,CSK,1,16.900712,12.695051
MI,1,KKR,0,MI,1,331.6517094,331.6517094,303.1287046,303.1287046,0.5,0.3888888888888889,MI,1,15.160852,12.745465
RCB,1,KXIP,0,RCB,1,227.4338542,227.4338542,282.9642857,282.9642857,0.3,0.65,RCB,1,9.982425,9.380131
SRH,1,RR,0,SRH,1,234.5125,234.5125,331.6461538000001,331.6461538000001,0.3157894736842105,0.7142857142857143,RR,0,9.026536,12.695051
CSK,1,DD,0,DD,0,336.62857139999994,336.62857139999994,296.6,296.6,0.5238095238095238,0.5789473684210527,CSK,1,16.900712,8.076035
KKR,1,KXIP,0,KKR,1,303.1287046,303.1287046,282.9642857,282.9642857,0.3684210526315789,0.6190476190476191,KXIP,0,12.745465,9.380131
MI,1,RCB,0,MI,1,331.6517094,331.6517094,227.4338542,227.4338542,0.5263157894736842,0.3333333333333333,RCB,0,15.160852,9.982425
CSK,1,SRH,0,CSK,1,336.62857139999994,336.62857139999994,234.5125,234.5125,0.5454545454545454,0.3,CSK,1,16.900712,9.026536
RR,1,KXIP,0,KXIP,0,331.6461538000001,331.6461538000001,282.9642857,282.9642857,0.7272727272727273,0.6363636363636364,RR,1,12.695051,9.380131
KKR,1,DD,0,KKR,1,303.1287046,303.1287046,296.6,296.6,0.35,0.55,DD,0,12.745465,8.076035
SRH,1,MI,0,SRH,1,234.5125,234.5125,331.6517094,331.6517094,0.2857142857142857,0.5,SRH,1,9.026536,15.160852
RCB,1,RR,0,RR,0,227.4338542,227.4338542,331.6461538000001,331.6461538000001,0.3636363636363637,0.7391304347826086,RR,0,9.982425,12.695051
CSK,1,KXIP,0,CSK,1,336.62857139999994,336.62857139999994,282.9642857,282.9642857,0.5652173913043478,0.6086956521739131,CSK,1,16.900712,9.380131
MI,1,DD,0,MI,1,331.6517094,331.6517094,296.6,296.6,0.4761904761904762,0.5714285714285714,DD,0,15.160852,8.076035
SRH,1,KXIP,0,KXIP,0,234.5125,234.5125,282.9642857,282.9642857,0.3181818181818182,0.5833333333333334,KXIP,0,9.026536,9.380131
RR,1,CSK,0,RR,1,331.6461538000001,331.6461538000001,336.62857139999994,336.62857139999994,0.75,0.5833333333333334,CSK,0,12.695051,16.900712
MI,1,RCB,0,MI,1,331.6517094,331.6517094,227.4338542,227.4338542,0.4545454545454545,0.3478260869565217,MI,1,15.160852,9.982425
KKR,1,DD,0,DD,0,303.1287046,303.1287046,296.6,296.6,0.3333333333333333,0.5909090909090909,DD,0,12.745465,8.076035
SRH,1,RR,0,SRH,1,234.5125,234.5125,331.6461538000001,331.6461538000001,0.3043478260869565,0.72,SRH,1,9.026536,12.695051
KKR,1,RCB,0,RCB,0,303.1287046,303.1287046,227.4338542,227.4338542,0.3181818181818182,0.3333333333333333,RCB,0,12.745465,9.982425
KXIP,1,MI,0,KXIP,1,282.9642857,282.9642857,331.6517094,331.6517094,0.6,0.4782608695652174,MI,0,9.380131,15.160852
DD,1,SRH,0,SRH,0,296.6,296.6,234.5125,234.5125,0.6086956521739131,0.3333333333333333,DD,1,8.076035,9.026536
CSK,1,RCB,0,CSK,1,336.62857139999994,336.62857139999994,227.4338542,227.4338542,0.6,0.36,RCB,0,16.900712,9.982425
RR,1,MI,0,RR,1,331.6461538000001,331.6461538000001,331.6517094,331.6517094,0.6923076923076923,0.5,RR,1,12.695051,15.160852
DD,1,KXIP,0,KXIP,0,296.6,296.6,282.9642857,282.9642857,0.625,0.5769230769230769,KXIP,0,8.076035,9.380131
MI,1,CSK,0,MI,1,331.6517094,331.6517094,336.62857139999994,336.62857139999994,0.48,0.5769230769230769,CSK,0,15.160852,16.900712
KKR,1,SRH,0,SRH,0,303.1287046,303.1287046,234.5125,234.5125,0.3043478260869565,0.32,SRH,0,12.745465,9.026536
KXIP,1,SRH,0,SRH,0,282.9642857,282.9642857,234.5125,234.5125,0.5925925925925926,0.3461538461538461,KXIP,1,9.380131,9.026536
DD,1,RR,0,DD,1,296.6,296.6,331.6461538000001,331.6461538000001,0.6,0.7037037037037037,DD,1,8.076035,12.695051
CSK,1,KKR,0,CSK,1,336.62857139999994,336.62857139999994,303.1287046,303.1287046,0.5925925925925926,0.2916666666666667,KKR,0,16.900712,12.745465
DD,1,RCB,0,DD,1,296.6,296.6,227.4338542,227.4338542,0.6153846153846154,0.38461538461538464,RCB,0,8.076035,9.982425
RR,1,KKR,0,KKR,0,331.6461538000001,331.6461538000001,303.1287046,303.1287046,0.6785714285714286,0.32,KKR,0,12.695051,12.745465
CSK,1,KXIP,0,CSK,1,336.62857139999994,336.62857139999994,282.9642857,282.9642857,0.5714285714285714,0.6071428571428571,CSK,1,16.900712,9.380131
MI,1,DD,0,DD,0,331.6517094,331.6517094,296.6,296.6,0.4615384615384616,0.5925925925925926,DD,0,15.160852,8.076035
RCB,1,SRH,0,RCB,1,227.4338542,227.4338542,234.5125,234.5125,0.4074074074074074,0.3333333333333333,RCB,1,9.982425,9.026536
DD,1,SRH,0,SRH,0,296.6,296.6,234.5125,234.5125,0.6071428571428571,0.32142857142857145,SRH,0,8.076035,9.026536
CSK,1,RCB,0,RCB,0,336.62857139999994,336.62857139999994,227.4338542,227.4338542,0.5862068965517241,0.42857142857142855,RCB,0,16.900712,9.982425
SRH,1,RCB,0,RCB,0,234.5125,234.5125,227.4338542,227.4338542,0.3448275862068966,0.4482758620689655,SRH,1,9.026536,9.982425
KKR,1,SRH,0,SRH,0,223.2428571,222.2071429,323.05,283.8,0.3461538461538461,0.3666666666666665,KKR,1,12.745465,9.026536
MI,1,RR,0,MI,1,299.04375,300.35625,266.3524531,324.6706349,0.4444444444444444,0.6551724137931034,MI,1,15.160852,12.695051
KXIP,1,DD,0,DD,0,282.3730159,325.6190476000001,345.6142857,313.4357143000001,0.5862068965517241,0.5862068965517241,DD,0,9.380131,8.076035
RCB,1,KKR,0,KKR,0,262.3125,238.3125,223.2428571,222.2071429,0.43333333333333335,0.3703703703703704,KKR,0,9.982425,12.745465
SRH,1,CSK,0,SRH,1,323.05,283.8,299.735119,288.84375,0.3548387096774194,0.5666666666666667,SRH,1,9.026536,16.900712
RR,1,DD,0,DD,0,266.3524531,324.6706349,345.6142857,313.4357143000001,0.6333333333333333,0.6,DD,0,12.695051,8.076035
KXIP,1,RCB,0,KXIP,1,282.3730159,325.6190476000001,262.3125,238.3125,0.5666666666666667,0.41935483870967744,RCB,0,9.380131,9.982425
CSK,1,KKR,0,CSK,1,299.735119,288.84375,223.2428571,222.2071429,0.5483870967741935,0.3928571428571429,CSK,1,16.900712,12.745465
MI,1,DD,0,DD,0,299.04375,300.35625,345.6142857,313.4357143000001,0.4642857142857143,0.6129032258064516,MI,1,15.160852,8.076035
RR,1,RCB,0,RCB,0,266.3524531,324.6706349,262.3125,238.3125,0.6129032258064516,0.4375,RCB,0,12.695051,9.982425
DD,1,CSK,0,DD,1,345.6142857,313.4357143000001,299.735119,288.84375,0.59375,0.5625,CSK,0,8.076035,16.900712
SRH,1,KXIP,0,KXIP,0,323.05,283.8,282.3730159,325.6190476000001,0.375,0.5483870967741935,SRH,1,9.026536,9.380131
RR,1,KKR,0,RR,1,266.3524531,324.6706349,223.2428571,222.2071429,0.59375,0.3793103448275862,RR,1,12.695051,12.745465
MI,1,RCB,0,MI,1,299.04375,300.35625,262.3125,238.3125,0.4827586206896552,0.4545454545454545,RCB,0,15.160852,9.982425
SRH,1,DD,0,SRH,1,323.05,283.8,345.6142857,313.4357143000001,0.3939393939393939,0.5757575757575758,SRH,1,9.026536,8.076035
KXIP,1,CSK,0,CSK,0,282.3730159,325.6190476000001,299.735119,288.84375,0.53125,0.5757575757575758,KXIP,1,9.380131,16.900712
KKR,1,MI,0,KKR,1,223.2428571,222.2071429,299.04375,300.35625,0.3666666666666665,0.4666666666666667,MI,0,12.745465,15.160852
RCB,1,CSK,0,CSK,0,262.3125,238.3125,299.735119,288.84375,0.4705882352941176,0.5588235294117647,RCB,1,9.982425,16.900712
RR,1,KXIP,0,KXIP,0,266.3524531,324.6706349,282.3730159,325.6190476000001,0.6060606060606061,0.5454545454545454,RR,1,12.695051,9.380131
CSK,1,MI,0,MI,0,299.735119,288.84375,299.04375,300.35625,0.5428571428571428,0.4838709677419355,MI,0,16.900712,15.160852
SRH,1,RR,0,SRH,1,323.05,283.8,266.3524531,324.6706349,0.4117647058823529,0.6176470588235294,RR,0,9.026536,12.695051
KKR,1,KXIP,0,KKR,1,223.2428571,222.2071429,282.3730159,325.6190476000001,0.3548387096774194,0.5294117647058824,KKR,1,12.745465,9.380131
DD,1,RCB,0,RCB,0,345.6142857,313.4357143000001,262.3125,238.3125,0.5588235294117647,0.4857142857142857,DD,1,8.076035,9.982425
RR,1,CSK,0,RR,1,266.3524531,324.6706349,299.735119,288.84375,0.6285714285714286,0.5277777777777778,RR,1,12.695051,16.900712
MI,1,SRH,0,SRH,0,299.04375,300.35625,323.05,283.8,0.5,0.4,MI,1,15.160852,9.026536
DD,1,KKR,0,DD,1,345.6142857,313.4357143000001,223.2428571,222.2071429,0.5714285714285714,0.375,DD,1,8.076035,12.745465
KXIP,1,MI,0,MI,0,282.3730159,325.6190476000001,299.04375,300.35625,0.5142857142857142,0.5151515151515151,MI,0,9.380131,15.160852
RCB,1,CSK,0,RCB,1,262.3125,238.3125,299.735119,288.84375,0.4722222222222222,0.5135135135135135,CSK,0,9.982425,16.900712
DD,1,RR,0,DD,1,345.6142857,313.4357143000001,266.3524531,324.6706349,0.5833333333333334,0.6388888888888888,DD,1,8.076035,12.695051
KKR,1,SRH,0,KKR,1,223.2428571,222.2071429,323.05,283.8,0.3636363636363637,0.3888888888888889,KKR,1,12.745465,9.026536
KXIP,1,RCB,0,KXIP,1,282.3730159,325.6190476000001,262.3125,238.3125,0.5,0.4594594594594595,RCB,0,9.380131,9.982425
CSK,1,RR,0,CSK,1,299.735119,288.84375,266.3524531,324.6706349,0.5263157894736842,0.6216216216216216,CSK,1,16.900712,12.695051
MI,1,SRH,0,MI,1,299.04375,300.35625,323.05,283.8,0.5294117647058824,0.3783783783783784,MI,1,15.160852,9.026536
KKR,1,KXIP,0,KKR,1,223.2428571,222.2071429,282.3730159,325.6190476000001,0.38235294117647056,0.4864864864864865,KXIP,0,12.745465,9.380131
DD,1,RCB,0,DD,1,345.6142857,313.4357143000001,262.3125,238.3125,0.5945945945945946,0.4736842105263158,DD,1,8.076035,9.982425
RR,1,SRH,0,RR,1,266.3524531,324.6706349,323.05,283.8,0.6052631578947368,0.3684210526315789,RR,1,12.695051,9.026536
CSK,1,MI,0,CSK,1,299.735119,288.84375,299.04375,300.35625,0.5384615384615384,0.5428571428571428,CSK,1,16.900712,15.160852
KXIP,1,RR,0,KXIP,1,282.3730159,325.6190476000001,266.3524531,324.6706349,0.5,0.6153846153846154,RR,0,9.380131,12.695051
KKR,1,DD,0,KKR,1,223.2428571,222.2071429,345.6142857,313.4357143000001,0.3714285714285713,0.6052631578947368,KKR,1,12.745465,8.076035
RCB,1,SRH,0,SRH,0,262.3125,238.3125,323.05,283.8,0.4615384615384616,0.35897435897435903,SRH,0,9.982425,9.026536
MI,1,KXIP,0,MI,1,299.04375,300.35625,282.3730159,325.6190476000001,0.5277777777777778,0.4871794871794872,KXIP,0,15.160852,9.380131
CSK,1,SRH,0,CSK,1,299.735119,288.84375,323.05,283.8,0.55,0.375,SRH,0,16.900712,9.026536
KKR,1,RCB,0,RCB,0,223.2428571,222.2071429,262.3125,238.3125,0.3888888888888889,0.45,RCB,0,12.745465,9.982425
DD,1,KXIP,0,DD,1,345.6142857,313.4357143000001,282.3730159,325.6190476000001,0.5897435897435898,0.5,KXIP,0,8.076035,9.380131
MI,1,RR,0,RR,0,299.04375,300.35625,266.3524531,324.6706349,0.5135135135135135,0.625,MI,1,15.160852,12.695051
SRH,1,RCB,0,RCB,0,323.05,283.8,262.3125,238.3125,0.3902439024390244,0.4634146341463415,SRH,1,9.026536,9.982425
MI,1,DD,0,MI,1,299.04375,300.35625,345.6142857,313.4357143000001,0.5263157894736842,0.575,MI,1,15.160852,8.076035
KKR,1,CSK,0,KKR,1,223.2428571,222.2071429,299.735119,288.84375,0.3783783783783784,0.5365853658536586,CSK,0,12.745465,16.900712
RR,1,RCB,0,RR,1,266.3524531,324.6706349,262.3125,238.3125,0.6097560975609756,0.4523809523809524,RCB,0,12.695051,9.982425
CSK,1,DD,0,CSK,1,299.735119,288.84375,345.6142857,313.4357143000001,0.5476190476190477,0.5609756097560976,DD,0,16.900712,8.076035
KXIP,1,SRH,0,SRH,0,282.3730159,325.6190476000001,323.05,283.8,0.5121951219512195,0.4047619047619048,SRH,0,9.380131,9.026536
MI,1,RCB,0,RCB,0,299.04375,300.35625,262.3125,238.3125,0.5384615384615384,0.4651162790697674,MI,1,15.160852,9.982425
RR,1,KKR,0,RR,1,266.3524531,324.6706349,223.2428571,222.2071429,0.5952380952380952,0.3684210526315789,KKR,0,12.695051,12.745465
KXIP,1,CSK,0,CSK,0,282.3730159,325.6190476000001,299.735119,288.84375,0.5,0.5348837209302325,CSK,0,9.380131,16.900712
SRH,1,DD,0,SRH,1,323.05,283.8,345.6142857,313.4357143000001,0.4186046511627907,0.5714285714285714,SRH,1,9.026536,8.076035
MI,1,KKR,0,MI,1,299.04375,300.35625,223.2428571,222.2071429,0.55,0.38461538461538464,KKR,0,15.160852,12.745465
MI,1,RCB,0,MI,1,299.04375,300.35625,262.3125,238.3125,0.5365853658536586,0.4545454545454545,MI,1,15.160852,9.982425
CSK,1,SRH,0,CSK,1,299.735119,288.84375,323.05,283.8,0.5454545454545454,0.4318181818181818,CSK,1,16.900712,9.026536
SRH,1,RCB,0,SRH,1,323.05,283.8,262.3125,238.3125,0.4222222222222222,0.4444444444444444,RCB,0,9.026536,9.982425
CSK,1,MI,0,CSK,1,299.735119,288.84375,299.04375,300.35625,0.5555555555555556,0.5476190476190477,CSK,1,16.900712,15.160852
CSK,1,KKR,0,CSK,1,285.125,267.4791667,244.145,238.225,0.5652173913043478,0.4,CSK,1,16.900712,12.745465
SRH,1,RR,0,RR,0,260.7,252.5904762,242.011655,260.3974359,0.4130434782608696,0.5813953488372093,RR,0,9.026536,12.695051
DD,1,MI,0,DD,1,264.0255102,252.0612245,348.375,314.0729167,0.5581395348837209,0.5348837209302325,MI,0,8.076035,15.160852
KXIP,1,RPS,0,KXIP,1,214.6666667,259.0714286,290.0941043,254.2905329,0.4883720930232558,0.0,RPS,0,9.380131,6.032793
KKR,1,SRH,0,KKR,1,244.145,238.225,260.7,252.5904762,0.3902439024390244,0.40425531914893614,KKR,1,12.745465,9.026536
DD,1,RR,0,DD,1,264.0255102,252.0612245,242.011655,260.3974359,0.5454545454545454,0.5909090909090909,RR,0,8.076035,12.695051
RCB,1,MI,0,MI,0,192.3583333,183.2645833,348.375,314.0729167,0.4680851063829787,0.5454545454545454,MI,0,9.982425,15.160852
CSK,1,KXIP,0,KXIP,0,285.125,267.4791667,214.6666667,259.0714286,0.5744680851063829,0.4772727272727273,KXIP,0,16.900712,9.380131
SRH,1,RCB,0,RCB,0,260.7,252.5904762,192.3583333,183.2645833,0.3958333333333333,0.4583333333333333,SRH,1,9.026536,9.982425
RR,1,KKR,0,KKR,0,242.011655,260.3974359,244.145,238.225,0.6,0.4047619047619048,KKR,0,12.695051,12.745465
CSK,1,RCB,0,CSK,1,285.125,267.4791667,192.3583333,183.2645833,0.5625,0.4489795918367347,CSK,1,16.900712,9.982425
SRH,1,KXIP,0,KXIP,0,260.7,252.5904762,214.6666667,259.0714286,0.4081632653061225,0.4888888888888889,KXIP,0,9.026536,9.380131
RPS,1,DD,0,DD,0,290.0941043,254.2905329,264.0255102,252.0612245,1.0,0.5333333333333333,DD,0,6.032793,8.076035
RR,1,KKR,0,KKR,0,242.011655,260.3974359,244.145,238.225,0.5869565217391305,0.4186046511627907,KKR,0,12.695051,12.745465
SRH,1,DD,0,SRH,1,260.7,252.5904762,264.0255102,252.0612245,0.4,0.5434782608695652,SRH,1,9.026536,8.076035
RPS,1,MI,0,RPS,1,290.0941043,254.2905329,348.375,314.0729167,0.6666666666666666,0.5434782608695652,MI,0,6.032793,15.160852
KXIP,1,RR,0,RR,0,214.6666667,259.0714286,242.011655,260.3974359,0.5,0.5744680851063829,KXIP,1,9.380131,12.695051
MI,1,CSK,0,CSK,0,348.375,314.0729167,285.125,267.4791667,0.5531914893617021,0.56,MI,1,15.160852,16.900712
KKR,1,RCB,0,RCB,0,244.145,238.225,192.3583333,183.2645833,0.4222222222222222,0.44,RCB,0,12.745465,9.982425
DD,1,KXIP,0,KXIP,0,264.0255102,252.0612245,214.6666667,259.0714286,0.5319148936170213,0.5106382978723404,DD,1,8.076035,9.380131
MI,1,SRH,0,SRH,0,348.375,314.0729167,260.7,252.5904762,0.5625,0.4117647058823529,MI,1,15.160852,9.026536
CSK,1,RPS,0,RPS,0,285.125,267.4791667,290.0941043,254.2905329,0.5490196078431373,0.5,CSK,1,16.900712,6.032793
DD,1,RCB,0,RCB,0,264.0255102,252.0612245,192.3583333,183.2645833,0.5416666666666666,0.4509803921568628,RCB,0,8.076035,9.982425
RPS,1,CSK,0,RPS,1,290.0941043,254.2905329,285.125,267.4791667,0.4,0.5576923076923077,CSK,0,6.032793,16.900712
KKR,1,DD,0,DD,0,244.145,238.225,264.0255102,252.0612245,0.4130434782608696,0.5306122448979592,KKR,1,12.745465,8.076035
MI,1,RR,0,RR,0,348.375,314.0729167,242.011655,260.3974359,0.5714285714285714,0.5714285714285714,RR,0,15.160852,12.695051
RCB,1,RPS,0,RPS,0,192.3583333,183.2645833,290.0941043,254.2905329,0.4615384615384616,0.3333333333333333,RCB,1,9.982425,6.032793
KXIP,1,KKR,0,KKR,0,214.6666667,259.0714286,244.145,238.225,0.5,0.425531914893617,KKR,0,9.380131,12.745465
RPS,1,RR,0,RR,0,290.0941043,254.2905329,242.011655,260.3974359,0.2857142857142857,0.58,RR,0,6.032793,12.695051
CSK,1,SRH,0,CSK,1,285.125,267.4791667,260.7,252.5904762,0.5660377358490566,0.4150943396226415,CSK,1,16.900712,9.026536
MI,1,KXIP,0,KXIP,0,348.375,314.0729167,214.6666667,259.0714286,0.56,0.4897959183673469,MI,1,15.160852,9.380131
KKR,1,SRH,0,SRH,0,244.145,238.225,260.7,252.5904762,0.4375,0.4074074074074074,KKR,1,12.745465,9.026536
RR,1,CSK,0,RR,1,242.011655,260.3974359,285.125,267.4791667,0.5882352941176471,0.5740740740740741,CSK,0,12.695051,16.900712
MI,1,RPS,0,RPS,0,348.375,314.0729167,290.0941043,254.2905329,0.5686274509803921,0.25,MI,1,15.160852,6.032793
SRH,1,DD,0,DD,0,260.7,252.5904762,264.0255102,252.0612245,0.4,0.5192307692307693,DD,0,9.026536,8.076035
RCB,1,KXIP,0,KXIP,0,192.3583333,183.2645833,214.6666667,259.0714286,0.4716981132075472,0.48,RCB,1,9.982425,9.380131
CSK,1,KKR,0,CSK,1,285.125,267.4791667,244.145,238.225,0.5818181818181818,0.44,KKR,0,16.900712,12.745465
MI,1,DD,0,DD,0,348.375,314.0729167,264.0255102,252.0612245,0.5769230769230769,0.5283018867924528,MI,1,15.160852,8.076035
KXIP,1,RPS,0,KXIP,1,214.6666667,259.0714286,290.0941043,254.2905329,0.4705882352941176,0.2222222222222222,RPS,0,9.380131,6.032793
CSK,1,RR,0,RR,0,285.125,267.4791667,242.011655,260.3974359,0.5714285714285714,0.5769230769230769,CSK,1,16.900712,12.695051
SRH,1,RPS,0,SRH,1,260.7,252.5904762,290.0941043,254.2905329,0.3928571428571429,0.3,RPS,0,9.026536,6.032793
KXIP,1,MI,0,MI,0,214.6666667,259.0714286,348.375,314.0729167,0.4615384615384616,0.5849056603773585,KXIP,1,9.380131,15.160852
RR,1,RCB,0,RCB,0,242.011655,260.3974359,192.3583333,183.2645833,0.5660377358490566,0.4909090909090909,RCB,0,12.695051,9.982425
CSK,1,DD,0,CSK,1,285.125,267.4791667,264.0255102,252.0612245,0.5789473684210527,0.5185185185185185,CSK,1,16.900712,8.076035
KKR,1,RCB,0,RCB,0,244.145,238.225,192.3583333,183.2645833,0.4509803921568628,0.5,RCB,0,12.745465,9.982425
SRH,1,MI,0,SRH,1,260.7,252.5904762,348.375,314.0729167,0.3859649122807017,0.5740740740740741,SRH,1,9.026536,15.160852
KXIP,1,DD,0,DD,0,214.6666667,259.0714286,264.0255102,252.0612245,0.4814814814814815,0.509090909090909,KXIP,1,9.380131,8.076035
RPS,1,SRH,0,SRH,0,290.0941043,254.2905329,260.7,252.5904762,0.3636363636363637,0.3965517241379311,SRH,0,6.032793,9.026536
KXIP,1,RCB,0,KXIP,1,214.6666667,259.0714286,192.3583333,183.2645833,0.4909090909090909,0.5087719298245614,KXIP,1,9.380131,9.982425
RPS,1,KKR,0,KKR,0,290.0941043,254.2905329,244.145,238.225,0.3333333333333333,0.4423076923076923,KKR,0,6.032793,12.745465
MI,1,RR,0,MI,1,348.375,314.0729167,242.011655,260.3974359,0.5636363636363636,0.5454545454545454,RR,0,15.160852,12.695051
SRH,1,KXIP,0,KXIP,0,260.7,252.5904762,214.6666667,259.0714286,0.4067796610169492,0.5,SRH,1,9.026536,9.380131
KKR,1,MI,0,MI,0,244.145,238.225,348.375,314.0729167,0.4528301886792453,0.5535714285714286,MI,0,12.745465,15.160852
RCB,1,CSK,0,CSK,0,192.3583333,183.2645833,285.125,267.4791667,0.5,0.5932203389830508,CSK,0,9.982425,16.900712
KKR,1,MI,0,MI,0,244.145,238.225,348.375,314.0729167,0.4444444444444444,0.5614035087719298,MI,0,12.745465,15.160852
RCB,1,MI,0,MI,0,192.3583333,183.2645833,348.375,314.0729167,0.4915254237288136,0.5689655172413793,RCB,1,9.982425,15.160852
CSK,1,RCB,0,CSK,1,285.125,267.4791667,192.3583333,183.2645833,0.6,0.5,CSK,1,16.900712,9.982425
CSK,1,MI,0,MI,0,303.7518797,257.8922306,333.2401961,313.1862745,0.6065573770491803,0.559322033898305,MI,0,16.900712,15.160852
KKR,1,DD,0,DD,0,281.97058819999995,245.5294118,243.1888889,227.087963,0.4363636363636363,0.5,DD,0,12.745465,8.076035
RPS,1,MI,0,MI,0,228.6493056,217.8697917,333.2401961,313.1862745,0.3076923076923077,0.5666666666666667,RPS,1,6.032793,15.160852
RR,1,KXIP,0,KXIP,0,227.7604167,213.2239583,312.6354167,275.5885417,0.5535714285714286,0.4912280701754386,RR,1,12.695051,9.380131
RCB,1,DD,0,DD,0,309.625,239.203125,243.1888889,227.087963,0.4918032786885246,0.5087719298245614,RCB,1,9.982425,8.076035
CSK,1,SRH,0,SRH,0,303.7518797,257.8922306,290.7333333,247.89444440000003,0.5967741935483871,0.4166666666666667,CSK,1,16.900712,9.026536
RR,1,KKR,0,KKR,0,227.7604167,213.2239583,281.97058819999995,245.5294118,0.5614035087719298,0.42857142857142855,RR,1,12.695051,12.745465
RPS,1,KXIP,0,RPS,1,228.6493056,217.8697917,312.6354167,275.5885417,0.35714285714285715,0.4827586206896552,RPS,1,6.032793,9.380131
SRH,1,MI,0,SRH,1,290.7333333,247.89444440000003,333.2401961,313.1862745,0.4098360655737705,0.5573770491803278,MI,0,9.026536,15.160852
KKR,1,RCB,0,RCB,0,281.97058819999995,245.5294118,309.625,239.203125,0.42105263157894735,0.5,KKR,1,12.745465,9.982425
CSK,1,DD,0,DD,0,303.7518797,257.8922306,243.1888889,227.087963,0.6031746031746031,0.5,DD,0,16.900712,8.076035
MI,1,RR,0,RR,0,333.2401961,313.1862745,227.7604167,213.2239583,0.5645161290322581,0.5689655172413793,MI,1,15.160852,12.695051
RCB,1,CSK,0,RCB,1,309.625,239.203125,303.7518797,257.8922306,0.49206349206349204,0.59375,CSK,0,9.982425,16.900712
RPS,1,KXIP,0,KXIP,0,228.6493056,217.8697917,312.6354167,275.5885417,0.4,0.4745762711864407,KXIP,0,6.032793,9.380131
RR,1,KKR,0,RR,1,227.7604167,213.2239583,281.97058819999995,245.5294118,0.559322033898305,0.4310344827586207,KKR,0,12.695051,12.745465
SRH,1,DD,0,SRH,1,290.7333333,247.89444440000003,243.1888889,227.087963,0.4032258064516129,0.5084745762711864,DD,0,9.026536,8.076035
CSK,1,RPS,0,CSK,1,303.7518797,257.8922306,228.6493056,217.8697917,0.6,0.375,RPS,0,16.900712,6.032793
KXIP,1,KKR,0,KKR,0,312.6354167,275.5885417,281.97058819999995,245.5294118,0.4833333333333333,0.4406779661016949,KXIP,1,9.380131,12.745465
RR,1,RCB,0,RR,1,227.7604167,213.2239583,309.625,239.203125,0.55,0.484375,RR,1,12.695051,9.982425
MI,1,DD,0,DD,0,333.2401961,313.1862745,243.1888889,227.087963,0.5714285714285714,0.5166666666666667,DD,0,15.160852,8.076035
SRH,1,RR,0,SRH,1,290.7333333,247.89444440000003,227.7604167,213.2239583,0.3968253968253968,0.5573770491803278,RR,0,9.026536,12.695051
RPS,1,RCB,0,RPS,1,228.6493056,217.8697917,309.625,239.203125,0.4117647058823529,0.476923076923077,RCB,0,6.032793,9.982425
KXIP,1,KKR,0,KXIP,1,312.6354167,275.5885417,281.97058819999995,245.5294118,0.4918032786885246,0.43333333333333335,KKR,0,9.380131,12.745465
SRH,1,DD,0,SRH,1,290.7333333,247.89444440000003,243.1888889,227.087963,0.390625,0.5245901639344263,DD,0,9.026536,8.076035
CSK,1,RPS,0,RPS,0,303.7518797,257.8922306,228.6493056,217.8697917,0.5909090909090909,0.3888888888888889,CSK,1,16.900712,6.032793
KXIP,1,RCB,0,RCB,0,312.6354167,275.5885417,309.625,239.203125,0.4838709677419355,0.4848484848484849,RCB,0,9.380131,9.982425
RR,1,CSK,0,RR,1,227.7604167,213.2239583,303.7518797,257.8922306,0.5645161290322581,0.5970149253731343,CSK,0,12.695051,16.900712
RPS,1,DD,0,DD,0,228.6493056,217.8697917,243.1888889,227.087963,0.3684210526315789,0.532258064516129,RPS,1,6.032793,8.076035
MI,1,KXIP,0,MI,1,333.2401961,313.1862745,312.6354167,275.5885417,0.5625,0.4761904761904762,KXIP,0,15.160852,9.380131
SRH,1,KKR,0,KKR,0,290.7333333,247.89444440000003,281.97058819999995,245.5294118,0.38461538461538464,0.4426229508196721,KKR,0,9.026536,12.745465
RCB,1,RR,0,RR,0,309.625,239.203125,227.7604167,213.2239583,0.4925373134328358,0.5555555555555556,RCB,1,9.982425,12.695051
RPS,1,DD,0,RPS,1,228.6493056,217.8697917,243.1888889,227.087963,0.4,0.5238095238095238,DD,0,6.032793,8.076035
KXIP,1,MI,0,KXIP,1,312.6354167,275.5885417,333.2401961,313.1862745,0.484375,0.5538461538461539,MI,0,9.380131,15.160852
SRH,1,RPS,0,SRH,1,290.7333333,247.89444440000003,228.6493056,217.8697917,0.3787878787878788,0.3809523809523809,SRH,1,9.026536,6.032793
DD,1,MI,0,MI,0,243.1888889,227.087963,333.2401961,313.1862745,0.53125,0.5606060606060606,DD,1,8.076035,15.160852
KXIP,1,CSK,0,KXIP,1,312.6354167,275.5885417,303.7518797,257.8922306,0.476923076923077,0.6029411764705882,KXIP,1,9.380131,16.900712
KKR,1,RCB,0,KKR,1,281.97058819999995,245.5294118,309.625,239.203125,0.4516129032258064,0.5,KKR,1,12.745465,9.982425
DD,1,RR,0,DD,1,243.1888889,227.087963,227.7604167,213.2239583,0.5384615384615384,0.546875,DD,1,8.076035,12.695051
SRH,1,MI,0,MI,0,290.7333333,247.89444440000003,333.2401961,313.1862745,0.3880597014925373,0.5522388059701493,MI,0,9.026536,15.160852
CSK,1,KKR,0,CSK,1,303.7518797,257.8922306,281.97058819999995,245.5294118,0.5942028985507246,0.4603174603174603,KKR,0,16.900712,12.745465
SRH,1,RPS,0,SRH,1,290.7333333,247.89444440000003,228.6493056,217.8697917,0.38235294117647056,0.3636363636363637,SRH,1,9.026536,6.032793
RR,1,DD,0,RR,1,227.7604167,213.2239583,243.1888889,227.087963,0.5384615384615384,0.5454545454545454,DD,0,12.695051,8.076035
RCB,1,KXIP,0,KXIP,0,309.625,239.203125,312.6354167,275.5885417,0.4927536231884058,0.4848484848484849,KXIP,0,9.982425,9.380131
MI,1,RPS,0,MI,1,333.2401961,313.1862745,228.6493056,217.8697917,0.5588235294117647,0.3478260869565217,MI,1,15.160852,6.032793
CSK,1,SRH,0,CSK,1,303.7518797,257.8922306,290.7333333,247.89444440000003,0.5857142857142857,0.39130434782608703,CSK,1,16.900712,9.026536
KKR,1,RPS,0,KKR,1,281.97058819999995,245.5294118,228.6493056,217.8697917,0.46875,0.3333333333333333,KKR,1,12.745465,6.032793
RR,1,KXIP,0,RR,1,227.7604167,213.2239583,312.6354167,275.5885417,0.5303030303030303,0.4925373134328358,RR,1,12.695051,9.380131
CSK,1,MI,0,MI,0,303.7518797,257.8922306,333.2401961,313.1862745,0.5915492957746479,0.5652173913043478,MI,0,16.900712,15.160852
SRH,1,RCB,0,RCB,0,290.7333333,247.89444440000003,309.625,239.203125,0.3857142857142857,0.4857142857142857,RCB,0,9.026536,9.982425
DD,1,KKR,0,DD,1,243.1888889,227.087963,281.97058819999995,245.5294118,0.5522388059701493,0.476923076923077,KKR,0,8.076035,12.745465
RPS,1,RR,0,RPS,1,228.6493056,217.8697917,227.7604167,213.2239583,0.32,0.5373134328358209,RR,0,6.032793,12.695051
KXIP,1,SRH,0,SRH,0,312.6354167,275.5885417,290.7333333,247.89444440000003,0.4852941176470588,0.38028169014084506,KXIP,1,9.380131,9.026536
MI,1,RCB,0,RCB,0,333.2401961,313.1862745,309.625,239.203125,0.5714285714285714,0.4929577464788733,RCB,0,15.160852,9.982425
RR,1,CSK,0,CSK,0,227.7604167,213.2239583,303.7518797,257.8922306,0.5441176470588235,0.5833333333333334,CSK,0,12.695051,16.900712
RCB,1,RPS,0,RPS,0,309.625,239.203125,228.6493056,217.8697917,0.5,0.3076923076923077,RCB,1,9.982425,6.032793
MI,1,KKR,0,MI,1,333.2401961,313.1862745,281.97058819999995,245.5294118,0.5633802816901409,0.4848484848484849,MI,1,15.160852,12.745465
DD,1,CSK,0,CSK,0,243.1888889,227.087963,303.7518797,257.8922306,0.5441176470588235,0.589041095890411,CSK,0,8.076035,16.900712
RR,1,RPS,0,RR,1,227.7604167,213.2239583,228.6493056,217.8697917,0.5362318840579711,0.2962962962962963,RR,1,12.695051,6.032793
SRH,1,KXIP,0,SRH,1,290.7333333,247.89444440000003,312.6354167,275.5885417,0.375,0.4927536231884058,KXIP,0,9.026536,9.380131
RCB,1,MI,0,MI,0,309.625,239.203125,333.2401961,313.1862745,0.5068493150684932,0.5694444444444444,MI,0,9.982425,15.160852
KKR,1,CSK,0,CSK,0,281.97058819999995,245.5294118,303.7518797,257.8922306,0.4776119402985074,0.5945945945945946,CSK,0,12.745465,16.900712
KXIP,1,DD,0,KXIP,1,312.6354167,275.5885417,243.1888889,227.087963,0.5,0.5362318840579711,DD,0,9.380131,8.076035
KKR,1,MI,0,MI,0,281.97058819999995,245.5294118,333.2401961,313.1862745,0.4705882352941176,0.5753424657534246,KKR,1,12.745465,15.160852
CSK,1,KXIP,0,KXIP,0,303.7518797,257.8922306,312.6354167,275.5885417,0.6,0.4929577464788733,KXIP,0,16.900712,9.380131
RCB,1,DD,0,DD,0,309.625,239.203125,243.1888889,227.087963,0.5,0.5428571428571428,RCB,1,9.982425,8.076035
RR,1,SRH,0,RR,1,227.7604167,213.2239583,290.7333333,247.89444440000003,0.5428571428571428,0.3698630136986301,SRH,0,12.695051,9.026536
KXIP,1,DD,0,DD,0,312.6354167,275.5885417,243.1888889,227.087963,0.5,0.5352112676056338,DD,0,9.380131,8.076035
KKR,1,RPS,0,KKR,1,281.97058819999995,245.5294118,228.6493056,217.8697917,0.4782608695652174,0.2857142857142857,KKR,1,12.745465,6.032793
SRH,1,RCB,0,RCB,0,290.7333333,247.89444440000003,309.625,239.203125,0.3783783783783784,0.5066666666666667,SRH,1,9.026536,9.982425
RR,1,MI,0,RR,1,227.7604167,213.2239583,333.2401961,313.1862745,0.5352112676056338,0.5675675675675675,MI,0,12.695051,15.160852
KKR,1,DD,0,KKR,1,281.97058819999995,245.5294118,243.1888889,227.087963,0.4857142857142857,0.5416666666666666,KKR,1,12.745465,8.076035
CSK,1,MI,0,MI,0,303.7518797,257.8922306,333.2401961,313.1862745,0.5921052631578947,0.5733333333333334,CSK,1,16.900712,15.160852
CSK,1,DD,0,DD,0,303.7518797,257.8922306,243.1888889,227.087963,0.5974025974025974,0.5342465753424658,CSK,1,16.900712,8.076035
CSK,1,KKR,0,CSK,1,303.7518797,257.8922306,281.97058819999995,245.5294118,0.6025641025641025,0.4929577464788733,KKR,0,16.900712,12.745465
DD,1,KKR,0,KKR,0,292.35,247.4427083,313.1875,273.3520833,0.527027027027027,0.5,KKR,0,8.076035,12.745465
RCB,1,MI,0,MI,0,335.7693452000001,284.9488095000001,261.6065163,269.5091479,0.5,0.5657894736842105,RCB,1,9.982425,15.160852
SRH,1,RPS,0,RPS,0,248.920098,204.895098,220.6335227,220.7552083,0.38666666666666666,0.27586206896551724,SRH,1,9.026536,6.032793
RR,1,DD,0,RR,1,256.9428571,209.507672,292.35,247.4427083,0.5277777777777778,0.52,RR,1,12.695051,8.076035
MI,1,CSK,0,MI,1,261.6065163,269.5091479,298.1283069,276.9088624,0.5584415584415584,0.5949367088607594,MI,1,15.160852,16.900712
RPS,1,KXIP,0,RPS,1,220.6335227,220.7552083,289.2425595,282.2883929,0.26666666666666666,0.4931506849315068,KXIP,0,6.032793,9.380131
RCB,1,SRH,0,RCB,1,335.7693452000001,284.9488095000001,248.920098,204.895098,0.5064935064935064,0.3947368421052632,SRH,0,9.982425,9.026536
RR,1,KKR,0,KKR,0,256.9428571,209.507672,313.1875,273.3520833,0.5342465753424658,0.5068493150684932,RR,1,12.695051,12.745465
MI,1,DD,0,MI,1,261.6065163,269.5091479,292.35,247.4427083,0.5641025641025641,0.5131578947368421,MI,1,15.160852,8.076035
KXIP,1,CSK,0,CSK,0,289.2425595,282.2883929,298.1283069,276.9088624,0.5,0.5875,CSK,0,9.380131,16.900712
KKR,1,RCB,0,RCB,0,313.1875,273.3520833,335.7693452000001,284.9488095000001,0.5,0.5,RCB,0,12.745465,9.982425
RR,1,RPS,0,RR,1,256.9428571,209.507672,220.6335227,220.7552083,0.5405405405405406,0.25806451612903225,RPS,0,12.695051,6.032793
DD,1,SRH,0,DD,1,292.35,247.4427083,248.920098,204.895098,0.5064935064935064,0.4025974025974026,SRH,0,8.076035,9.026536
MI,1,RPS,0,MI,1,261.6065163,269.5091479,220.6335227,220.7552083,0.569620253164557,0.28125,MI,1,15.160852,6.032793
RCB,1,CSK,0,CSK,0,335.7693452000001,284.9488095000001,298.1283069,276.9088624,0.5063291139240507,0.5925925925925926,CSK,0,9.982425,16.900712
KKR,1,SRH,0,KKR,1,313.1875,273.3520833,248.920098,204.895098,0.4933333333333334,0.41025641025641024,KKR,1,12.745465,9.026536
KXIP,1,RR,0,RR,0,289.2425595,282.2883929,256.9428571,209.507672,0.4933333333333334,0.5333333333333333,RR,0,9.380131,12.695051
RPS,1,CSK,0,RPS,1,220.6335227,220.7552083,298.1283069,276.9088624,0.2727272727272727,0.5975609756097561,RPS,1,6.032793,16.900712
KXIP,1,KKR,0,KKR,0,289.2425595,282.2883929,313.1875,273.3520833,0.4868421052631579,0.5,KXIP,1,9.380131,12.745465
DD,1,RCB,0,RCB,0,292.35,247.4427083,335.7693452000001,284.9488095000001,0.5,0.5,RCB,0,8.076035,9.982425
SRH,1,RPS,0,RPS,0,248.920098,204.895098,220.6335227,220.7552083,0.4050632911392405,0.29411764705882354,SRH,1,9.026536,6.032793
RR,1,MI,0,RR,1,256.9428571,209.507672,261.6065163,269.5091479,0.5394736842105263,0.575,RR,1,12.695051,15.160852
CSK,1,DD,0,CSK,1,298.1283069,276.9088624,292.35,247.4427083,0.5903614457831325,0.4936708860759494,CSK,1,16.900712,8.076035
KXIP,1,SRH,0,KXIP,1,289.2425595,282.2883929,248.920098,204.895098,0.4935064935064935,0.4125,SRH,0,9.380131,9.026536
KKR,1,CSK,0,KKR,1,313.1875,273.3520833,298.1283069,276.9088624,0.4935064935064935,0.5952380952380952,CSK,0,12.745465,16.900712
RR,1,RCB,0,RCB,0,256.9428571,209.507672,335.7693452000001,284.9488095000001,0.5454545454545454,0.5061728395061729,RCB,0,12.695051,9.982425
MI,1,DD,0,MI,1,261.6065163,269.5091479,292.35,247.4427083,0.5679012345679012,0.4875,DD,0,15.160852,8.076035
RPS,1,KXIP,0,KXIP,0,220.6335227,220.7552083,289.2425595,282.2883929,0.2857142857142857,0.4871794871794872,KXIP,0,6.032793,9.380131
RR,1,CSK,0,RR,1,256.9428571,209.507672,298.1283069,276.9088624,0.5384615384615384,0.6,CSK,0,12.695051,16.900712
RCB,1,RPS,0,RPS,0,335.7693452000001,284.9488095000001,220.6335227,220.7552083,0.5121951219512195,0.2777777777777778,RCB,1,9.982425,6.032793
KXIP,1,DD,0,DD,0,289.2425595,282.2883929,292.35,247.4427083,0.4936708860759494,0.4938271604938271,KXIP,1,9.380131,8.076035
KKR,1,MI,0,KKR,1,313.1875,273.3520833,261.6065163,269.5091479,0.4871794871794872,0.5609756097560976,MI,0,12.745465,15.160852
SRH,1,CSK,0,SRH,1,248.920098,204.895098,298.1283069,276.9088624,0.41975308641975306,0.6046511627906976,CSK,0,9.026536,16.900712
KXIP,1,KKR,0,KXIP,1,289.2425595,282.2883929,313.1875,273.3520833,0.5,0.4810126582278481,KKR,0,9.380131,12.745465
SRH,1,RR,0,SRH,1,248.920098,204.895098,256.9428571,209.507672,0.4146341463414634,0.5316455696202531,RR,0,9.026536,12.695051
MI,1,RCB,0,MI,1,261.6065163,269.5091479,335.7693452000001,284.9488095000001,0.5662650602409639,0.5180722891566265,MI,1,15.160852,9.982425
CSK,1,KKR,0,KKR,0,298.1283069,276.9088624,313.1875,273.3520833,0.6091954022988506,0.4875,CSK,1,16.900712,12.745465
DD,1,RPS,0,RPS,0,292.35,247.4427083,220.6335227,220.7552083,0.4878048780487805,0.2702702702702703,DD,1,8.076035,6.032793
RCB,1,RR,0,RR,0,335.7693452000001,284.9488095000001,256.9428571,209.507672,0.5119047619047619,0.5375,RR,0,9.982425,12.695051
MI,1,KXIP,0,MI,1,261.6065163,269.5091479,289.2425595,282.2883929,0.5714285714285714,0.4938271604938271,MI,1,15.160852,9.380131
CSK,1,RPS,0,CSK,1,298.1283069,276.9088624,220.6335227,220.7552083,0.6136363636363636,0.2631578947368421,CSK,1,16.900712,6.032793
MI,1,SRH,0,MI,1,261.6065163,269.5091479,248.920098,204.895098,0.5764705882352941,0.40963855421686746,SRH,0,15.160852,9.026536
KKR,1,DD,0,KKR,1,313.1875,273.3520833,292.35,247.4427083,0.4814814814814815,0.4939759036144578,DD,0,12.745465,8.076035
CSK,1,KXIP,0,CSK,1,298.1283069,276.9088624,289.2425595,282.2883929,0.6179775280898876,0.4878048780487805,CSK,1,16.900712,9.380131
RCB,1,RPS,0,RCB,1,335.7693452000001,284.9488095000001,220.6335227,220.7552083,0.5058823529411764,0.2564102564102564,RCB,1,9.982425,6.032793
RR,1,KKR,0,RR,1,256.9428571,209.507672,313.1875,273.3520833,0.5432098765432098,0.47560975609756106,KKR,0,12.695051,12.745465
DD,1,SRH,0,DD,1,292.35,247.4427083,248.920098,204.895098,0.5,0.4166666666666667,SRH,0,8.076035,9.026536
RCB,1,KXIP,0,KXIP,0,335.7693452000001,284.9488095000001,289.2425595,282.2883929,0.5116279069767442,0.4819277108433735,KXIP,0,9.982425,9.380131
MI,1,CSK,0,MI,1,261.6065163,269.5091479,298.1283069,276.9088624,0.5697674418604651,0.6222222222222222,MI,1,15.160852,16.900712
RPS,1,RR,0,RPS,1,220.6335227,220.7552083,256.9428571,209.507672,0.25,0.5365853658536586,RR,0,6.032793,12.695051
SRH,1,RCB,0,SRH,1,248.920098,204.895098,335.7693452000001,284.9488095000001,0.4235294117647059,0.5057471264367817,RCB,0,9.026536,9.982425
DD,1,RR,0,DD,1,292.35,247.4427083,256.9428571,209.507672,0.4941176470588236,0.5421686746987951,RR,0,8.076035,12.695051
MI,1,KKR,0,MI,1,261.6065163,269.5091479,313.1875,273.3520833,0.5747126436781609,0.4819277108433735,MI,1,15.160852,12.745465
CSK,1,SRH,0,SRH,0,298.1283069,276.9088624,248.920098,204.895098,0.6153846153846154,0.4186046511627907,CSK,1,16.900712,9.026536
KXIP,1,RR,0,RR,0,289.2425595,282.2883929,256.9428571,209.507672,0.4880952380952381,0.5476190476190477,RR,0,9.380131,12.695051
KKR,1,RPS,0,KKR,1,313.1875,273.3520833,220.6335227,220.7552083,0.4761904761904762,0.24390243902439024,KKR,1,12.745465,6.032793
RCB,1,DD,0,DD,0,335.7693452000001,284.9488095000001,292.35,247.4427083,0.5113636363636364,0.4883720930232558,RCB,1,9.982425,8.076035
RPS,1,MI,0,RPS,1,220.6335227,220.7552083,261.6065163,269.5091479,0.2380952380952381,0.5795454545454546,MI,0,6.032793,15.160852
SRH,1,KXIP,0,KXIP,0,248.920098,204.895098,289.2425595,282.2883929,0.4137931034482759,0.4823529411764706,SRH,1,9.026536,9.380131
RCB,1,KKR,0,KKR,0,335.7693452000001,284.9488095000001,313.1875,273.3520833,0.5168539325842697,0.4823529411764706,KKR,0,9.982425,12.745465
CSK,1,RR,0,RR,0,298.1283069,276.9088624,256.9428571,209.507672,0.6195652173913043,0.5529411764705883,RR,0,16.900712,12.695051
DD,1,KXIP,0,KXIP,0,292.35,247.4427083,289.2425595,282.2883929,0.4827586206896552,0.4767441860465117,KXIP,0,8.076035,9.380131
SRH,1,MI,0,SRH,1,248.920098,204.895098,261.6065163,269.5091479,0.4204545454545455,0.5842696629213483,MI,0,9.026536,15.160852
RPS,1,KKR,0,KKR,0,220.6335227,220.7552083,313.1875,273.3520833,0.2325581395348837,0.4883720930232558,RPS,1,6.032793,12.745465
CSK,1,DD,0,CSK,1,298.1283069,276.9088624,292.35,247.4427083,0.6129032258064516,0.4772727272727273,CSK,1,16.900712,8.076035
MI,1,RR,0,RR,0,261.6065163,269.5091479,256.9428571,209.507672,0.5888888888888889,0.5581395348837209,MI,1,15.160852,12.695051
RCB,1,KXIP,0,KXIP,0,335.7693452000001,284.9488095000001,289.2425595,282.2883929,0.5111111111111111,0.4827586206896552,KXIP,0,9.982425,9.380131
SRH,1,RR,0,SRH,1,248.920098,204.895098,256.9428571,209.507672,0.4157303370786517,0.5517241379310345,SRH,1,9.026536,12.695051
KXIP,1,MI,0,MI,0,289.2425595,282.2883929,261.6065163,269.5091479,0.4886363636363637,0.5934065934065934,KXIP,1,9.380131,15.160852
RPS,1,DD,0,RPS,1,220.6335227,220.7552083,292.35,247.4427083,0.25,0.4719101123595506,RPS,1,6.032793,8.076035
RCB,1,CSK,0,CSK,0,335.7693452000001,284.9488095000001,298.1283069,276.9088624,0.5054945054945055,0.6170212765957447,RCB,1,9.982425,16.900712
KKR,1,SRH,0,KKR,1,313.1875,273.3520833,248.920098,204.895098,0.4827586206896552,0.4222222222222222,SRH,0,12.745465,9.026536
CSK,1,MI,0,CSK,1,298.1283069,276.9088624,261.6065163,269.5091479,0.6105263157894737,0.5869565217391305,CSK,1,16.900712,15.160852
SRH,1,RR,0,SRH,1,248.920098,204.895098,256.9428571,209.507672,0.42857142857142855,0.5454545454545454,RR,0,9.026536,12.695051
RR,1,MI,0,RR,1,256.9428571,209.507672,261.6065163,269.5091479,0.5505617977528089,0.5806451612903226,MI,0,12.695051,15.160852
MI,1,CSK,0,MI,1,261.6065163,269.5091479,298.1283069,276.9088624,0.5851063829787234,0.6145833333333334,MI,1,15.160852,16.900712
KKR,1,MI,0,KKR,1,348.41629460000007,317.1114583000001,394.8266667,332.8588889,0.4772727272727273,0.5894736842105263,KKR,1,12.745465,15.160852
DD,1,RCB,0,RCB,0,267.2845238,239.077381,375.8469388,345.5940476,0.4666666666666667,0.5108695652173914,RCB,0,8.076035,9.982425
CSK,1,KXIP,0,CSK,1,373.45535710000007,312.4125,255.8627451,243.6166667,0.6082474226804123,0.4943820224719101,KXIP,0,16.900712,9.380131
SRH,1,RR,0,RR,0,384.35714289999993,283.0166667,418.5384615,285.5538462,0.4239130434782609,0.5444444444444444,RR,0,9.026536,12.695051
MI,1,RCB,0,RCB,0,394.8266667,332.8588889,375.8469388,345.5940476,0.5833333333333334,0.5161290322580645,RCB,0,15.160852,9.982425
KKR,1,DD,0,KKR,1,348.41629460000007,317.1114583000001,267.2845238,239.077381,0.4831460674157304,0.4615384615384616,DD,0,12.745465,8.076035
RR,1,KXIP,0,KXIP,0,418.5384615,285.5538462,255.8627451,243.6166667,0.5494505494505495,0.5,KXIP,0,12.695051,9.380131
CSK,1,DD,0,CSK,1,373.45535710000007,312.4125,267.2845238,239.077381,0.6020408163265306,0.4673913043478261,CSK,1,16.900712,8.076035
KXIP,1,SRH,0,SRH,0,255.8627451,243.6166667,384.35714289999993,283.0166667,0.5054945054945055,0.41935483870967744,KXIP,1,9.380131,9.026536
CSK,1,RR,0,RR,0,373.45535710000007,312.4125,418.5384615,285.5538462,0.6060606060606061,0.5434782608695652,CSK,1,16.900712,12.695051
KKR,1,RCB,0,RCB,0,348.41629460000007,317.1114583000001,375.8469388,345.5940476,0.4777777777777778,0.5212765957446809,KKR,1,12.745465,9.982425
SRH,1,DD,0,SRH,1,384.35714289999993,283.0166667,267.2845238,239.077381,0.4148936170212766,0.4623655913978494,SRH,1,9.026536,8.076035
MI,1,CSK,0,MI,1,394.8266667,332.8588889,373.45535710000007,312.4125,0.5773195876288659,0.61,CSK,0,15.160852,16.900712
RCB,1,RR,0,RR,0,375.8469388,345.5940476,418.5384615,285.5538462,0.5157894736842106,0.5376344086021505,RR,0,9.982425,12.695051
KXIP,1,KKR,0,KKR,0,255.8627451,243.6166667,348.41629460000007,317.1114583000001,0.5108695652173914,0.4835164835164835,KXIP,1,9.380131,12.745465
MI,1,DD,0,MI,1,394.8266667,332.8588889,267.2845238,239.077381,0.5714285714285714,0.4574468085106383,DD,0,15.160852,8.076035
SRH,1,CSK,0,SRH,1,384.35714289999993,283.0166667,373.45535710000007,312.4125,0.42105263157894735,0.6138613861386139,CSK,0,9.026536,16.900712
RCB,1,KXIP,0,KXIP,0,375.8469388,345.5940476,255.8627451,243.6166667,0.5104166666666666,0.5161290322580645,KXIP,0,9.982425,9.380131
RR,1,KKR,0,RR,1,418.5384615,285.5538462,348.41629460000007,317.1114583000001,0.5425531914893617,0.4782608695652174,RR,1,12.695051,12.745465
SRH,1,MI,0,MI,0,384.35714289999993,283.0166667,394.8266667,332.8588889,0.4166666666666667,0.5656565656565656,SRH,1,9.026536,15.160852
CSK,1,KKR,0,CSK,1,373.45535710000007,312.4125,348.41629460000007,317.1114583000001,0.6176470588235294,0.4731182795698925,CSK,1,16.900712,12.745465
KXIP,1,MI,0,KXIP,1,255.8627451,243.6166667,394.8266667,332.8588889,0.5212765957446809,0.56,MI,0,9.380131,15.160852
DD,1,RR,0,RR,0,267.2845238,239.077381,418.5384615,285.5538462,0.4631578947368421,0.5473684210526316,RR,0,8.076035,12.695051
SRH,1,RCB,0,RCB,0,384.35714289999993,283.0166667,375.8469388,345.5940476,0.422680412371134,0.5051546391752577,RCB,0,9.026536,9.982425
RR,1,KKR,0,KKR,0,418.5384615,285.5538462,348.41629460000007,317.1114583000001,0.5520833333333334,0.4680851063829787,RR,1,12.695051,12.745465
DD,1,CSK,0,CSK,0,267.2845238,239.077381,373.45535710000007,312.4125,0.4583333333333333,0.6213592233009708,CSK,0,8.076035,16.900712
MI,1,RCB,0,RCB,0,394.8266667,332.8588889,375.8469388,345.5940476,0.5643564356435643,0.5102040816326531,MI,1,15.160852,9.982425
DD,1,KKR,0,DD,1,267.2845238,239.077381,348.41629460000007,317.1114583000001,0.4536082474226804,0.4631578947368421,KKR,0,8.076035,12.745465
KXIP,1,CSK,0,CSK,0,255.8627451,243.6166667,373.45535710000007,312.4125,0.5157894736842106,0.625,KXIP,1,9.380131,16.900712
SRH,1,RR,0,RR,0,384.35714289999993,283.0166667,418.5384615,285.5538462,0.4183673469387755,0.5567010309278351,SRH,1,9.026536,12.695051
KXIP,1,RCB,0,RCB,0,255.8627451,243.6166667,375.8469388,345.5940476,0.5208333333333334,0.5050505050505051,KXIP,1,9.380131,9.982425
DD,1,SRH,0,SRH,0,267.2845238,239.077381,384.35714289999993,283.0166667,0.4489795918367347,0.42424242424242425,SRH,0,8.076035,9.026536
MI,1,CSK,0,CSK,0,394.8266667,332.8588889,373.45535710000007,312.4125,0.5686274509803921,0.6190476190476191,CSK,0,15.160852,16.900712
KXIP,1,KKR,0,KKR,0,255.8627451,243.6166667,348.41629460000007,317.1114583000001,0.5257731958762887,0.46875,KKR,0,9.380131,12.745465
RCB,1,RR,0,RCB,1,375.8469388,345.5940476,418.5384615,285.5538462,0.5,0.5510204081632653,RR,0,9.982425,12.695051
SRH,1,MI,0,SRH,1,384.35714289999993,283.0166667,394.8266667,332.8588889,0.43,0.5631067961165048,MI,0,9.026536,15.160852
RR,1,CSK,0,RR,1,418.5384615,285.5538462,373.45535710000007,312.4125,0.5555555555555556,0.6226415094339622,CSK,0,12.695051,16.900712
RCB,1,DD,0,DD,0,375.8469388,345.5940476,267.2845238,239.077381,0.4950495049504951,0.4444444444444444,RCB,1,9.982425,8.076035
SRH,1,KXIP,0,KXIP,0,384.35714289999993,283.0166667,255.8627451,243.6166667,0.4257425742574257,0.5204081632653061,KXIP,0,9.026536,9.380131
MI,1,KKR,0,KKR,0,394.8266667,332.8588889,348.41629460000007,317.1114583000001,0.5673076923076923,0.4742268041237113,KKR,0,15.160852,12.745465
RR,1,DD,0,DD,0,418.5384615,285.5538462,267.2845238,239.077381,0.55,0.44,RR,1,12.695051,8.076035
CSK,1,RCB,0,CSK,1,373.45535710000007,312.4125,375.8469388,345.5940476,0.6261682242990654,0.5,RCB,0,16.900712,9.982425
SRH,1,KKR,0,SRH,1,384.35714289999993,283.0166667,348.41629460000007,317.1114583000001,0.4215686274509804,0.4795918367346938,KKR,0,9.026536,12.745465
MI,1,RR,0,MI,1,394.8266667,332.8588889,418.5384615,285.5538462,0.5619047619047619,0.5544554455445545,MI,1,15.160852,12.695051
DD,1,KXIP,0,KXIP,0,267.2845238,239.077381,255.8627451,243.6166667,0.4356435643564357,0.5252525252525253,KXIP,0,8.076035,9.380131
RCB,1,SRH,0,RCB,1,375.8469388,345.5940476,384.35714289999993,283.0166667,0.5048543689320388,0.4174757281553398,SRH,0,9.982425,9.026536
CSK,1,KKR,0,KKR,0,373.45535710000007,312.4125,348.41629460000007,317.1114583000001,0.6203703703703703,0.4848484848484849,KKR,0,16.900712,12.745465
KXIP,1,MI,0,MI,0,255.8627451,243.6166667,394.8266667,332.8588889,0.53,0.5660377358490566,MI,0,9.380131,15.160852
KKR,1,RCB,0,RCB,0,348.41629460000007,317.1114583000001,375.8469388,345.5940476,0.49,0.5,KKR,1,12.745465,9.982425
CSK,1,SRH,0,SRH,0,373.45535710000007,312.4125,384.35714289999993,283.0166667,0.6146788990825688,0.4230769230769231,SRH,0,16.900712,9.026536
MI,1,DD,0,DD,0,394.8266667,332.8588889,267.2845238,239.077381,0.5700934579439252,0.4313725490196079,MI,1,15.160852,8.076035
KXIP,1,RR,0,RR,0,255.8627451,243.6166667,418.5384615,285.5538462,0.5247524752475248,0.5490196078431373,KXIP,1,9.380131,12.695051
RCB,1,CSK,0,CSK,0,375.8469388,345.5940476,373.45535710000007,312.4125,0.4952380952380953,0.6090909090909091,CSK,0,9.982425,16.900712
SRH,1,KKR,0,KKR,0,384.35714289999993,283.0166667,348.41629460000007,317.1114583000001,0.42857142857142855,0.4950495049504951,KKR,0,9.026536,12.745465
DD,1,KXIP,0,KXIP,0,267.2845238,239.077381,255.8627451,243.6166667,0.4271844660194175,0.5294117647058824,KXIP,0,8.076035,9.380131
RR,1,MI,0,MI,0,418.5384615,285.5538462,394.8266667,332.8588889,0.5436893203883495,0.5740740740740741,MI,0,12.695051,15.160852
KKR,1,KXIP,0,KXIP,0,348.41629460000007,317.1114583000001,255.8627451,243.6166667,0.5,0.5339805825242718,KKR,1,12.745465,9.380131
MI,1,CSK,0,CSK,0,394.8266667,332.8588889,373.45535710000007,312.4125,0.5779816513761468,0.6126126126126126,CSK,0,15.160852,16.900712
KXIP,1,CSK,0,CSK,0,255.8627451,243.6166667,373.45535710000007,312.4125,0.5288461538461539,0.6160714285714286,KXIP,1,9.380131,16.900712
KXIP,1,KKR,0,KKR,0,255.8627451,243.6166667,348.41629460000007,317.1114583000001,0.5333333333333333,0.5048543689320388,KKR,0,9.380131,12.745465
MI,1,KKR,0,KKR,0,309.625,337.4324405,388.7692308,371.8901099,0.5727272727272728,0.5096153846153846,KKR,0,15.160852,12.745465
CSK,1,DD,0,DD,0,327.11764710000006,303.7829132,247.3797619,273.0392857,0.6106194690265486,0.4230769230769231,CSK,1,16.900712,8.076035
RR,1,KXIP,0,KXIP,0,310.3690476000001,265.5003401,410.0,325.0255102,0.5384615384615384,0.5283018867924528,RR,1,12.695051,9.380131
CSK,1,SRH,0,CSK,1,327.11764710000006,303.7829132,300.1107143000001,269.29744900000003,0.6140350877192983,0.4245283018867925,CSK,1,16.900712,9.026536
KKR,1,RCB,0,RCB,0,388.7692308,371.8901099,249.259375,261.4392857,0.5142857142857142,0.490566037735849,RCB,0,12.745465,9.982425
DD,1,RR,0,RR,0,247.3797619,273.0392857,310.3690476000001,265.5003401,0.4190476190476191,0.5428571428571428,RR,0,8.076035,12.695051
KXIP,1,MI,0,MI,0,410.0,325.0255102,309.625,337.4324405,0.5233644859813084,0.5675675675675675,KXIP,1,9.380131,15.160852
RCB,1,SRH,0,SRH,0,249.259375,261.4392857,300.1107143000001,269.29744900000003,0.4953271028037383,0.4205607476635514,SRH,0,9.982425,9.026536
MI,1,RR,0,MI,1,309.625,337.4324405,310.3690476000001,265.5003401,0.5625,0.5471698113207547,RR,0,15.160852,12.695051
CSK,1,KKR,0,KKR,0,327.11764710000006,303.7829132,388.7692308,371.8901099,0.6173913043478261,0.5094339622641509,KKR,0,16.900712,12.745465
KXIP,1,DD,0,KXIP,1,410.0,325.0255102,247.3797619,273.0392857,0.5277777777777778,0.4150943396226415,DD,0,9.380131,8.076035
SRH,1,RR,0,RR,0,300.1107143000001,269.29744900000003,310.3690476000001,265.5003401,0.4259259259259259,0.5514018691588785,RR,0,9.026536,12.695051
MI,1,CSK,0,MI,1,309.625,337.4324405,327.11764710000006,303.7829132,0.5575221238938053,0.6120689655172413,CSK,0,15.160852,16.900712
DD,1,SRH,0,DD,1,247.3797619,273.0392857,300.1107143000001,269.29744900000003,0.4205607476635514,0.4220183486238532,DD,1,8.076035,9.026536
KXIP,1,KKR,0,KKR,0,410.0,325.0255102,388.7692308,371.8901099,0.5229357798165137,0.514018691588785,KKR,0,9.380131,12.745465
CSK,1,RR,0,CSK,1,327.11764710000006,303.7829132,310.3690476000001,265.5003401,0.6153846153846154,0.5555555555555556,RR,0,16.900712,12.695051
MI,1,RCB,0,RCB,0,309.625,337.4324405,249.259375,261.4392857,0.5526315789473685,0.4907407407407408,MI,1,15.160852,9.982425
DD,1,KKR,0,KKR,0,247.3797619,273.0392857,388.7692308,371.8901099,0.4259259259259259,0.5185185185185185,KKR,0,8.076035,12.745465
RR,1,KXIP,0,KXIP,0,310.3690476000001,265.5003401,410.0,325.0255102,0.5596330275229358,0.5181818181818182,KXIP,0,12.695051,9.380131
SRH,1,KKR,0,KKR,0,300.1107143000001,269.29744900000003,388.7692308,371.8901099,0.41818181818181815,0.5229357798165137,SRH,1,9.026536,12.745465
CSK,1,RCB,0,RCB,0,327.11764710000006,303.7829132,249.259375,261.4392857,0.6101694915254238,0.4862385321100918,CSK,1,16.900712,9.982425
DD,1,MI,0,MI,0,247.3797619,273.0392857,309.625,337.4324405,0.4220183486238532,0.5565217391304348,DD,1,8.076035,15.160852
RR,1,RCB,0,RCB,0,310.3690476000001,265.5003401,249.259375,261.4392857,0.5545454545454546,0.4818181818181818,RCB,0,12.695051,9.982425
MI,1,SRH,0,MI,1,309.625,337.4324405,300.1107143000001,269.29744900000003,0.5517241379310345,0.4234234234234234,MI,1,15.160852,9.026536
CSK,1,KXIP,0,CSK,1,327.11764710000006,303.7829132,410.0,325.0255102,0.6134453781512605,0.5225225225225225,CSK,1,16.900712,9.380131
DD,1,RCB,0,RCB,0,247.3797619,273.0392857,249.259375,261.4392857,0.4272727272727273,0.4864864864864865,RCB,0,8.076035,9.982425
SRH,1,KXIP,0,KXIP,0,300.1107143000001,269.29744900000003,410.0,325.0255102,0.4196428571428572,0.5178571428571429,SRH,1,9.026536,9.380131
KKR,1,DD,0,KKR,1,388.7692308,371.8901099,247.3797619,273.0392857,0.5181818181818182,0.4234234234234234,KKR,1,12.745465,8.076035
CSK,1,KKR,0,KKR,0,327.11764710000006,303.7829132,388.7692308,371.8901099,0.6166666666666667,0.5225225225225225,CSK,1,16.900712,12.745465
MI,1,RR,0,RR,0,309.625,337.4324405,310.3690476000001,265.5003401,0.5555555555555556,0.5495495495495496,MI,1,15.160852,12.695051
KKR,1,RCB,0,RCB,0,388.7692308,371.8901099,249.259375,261.4392857,0.5178571428571429,0.4910714285714286,RCB,0,12.745465,9.982425
SRH,1,CSK,0,CSK,0,300.1107143000001,269.29744900000003,327.11764710000006,303.7829132,0.4247787610619469,0.6198347107438017,SRH,1,9.026536,16.900712
MI,1,KXIP,0,MI,1,309.625,337.4324405,410.0,325.0255102,0.559322033898305,0.5132743362831859,MI,1,15.160852,9.380131
RR,1,DD,0,DD,0,310.3690476000001,265.5003401,247.3797619,273.0392857,0.5446428571428571,0.4196428571428572,RR,1,12.695051,8.076035
CSK,1,RCB,0,CSK,1,327.11764710000006,303.7829132,249.259375,261.4392857,0.6147540983606558,0.4955752212389381,CSK,1,16.900712,9.982425
KKR,1,SRH,0,SRH,0,388.7692308,371.8901099,300.1107143000001,269.29744900000003,0.5132743362831859,0.4298245614035088,KKR,1,12.745465,9.026536
DD,1,MI,0,DD,1,247.3797619,273.0392857,309.625,337.4324405,0.415929203539823,0.5630252100840336,MI,0,8.076035,15.160852
RCB,1,KXIP,0,KXIP,0,249.259375,261.4392857,410.0,325.0255102,0.4912280701754386,0.5087719298245614,RCB,1,9.982425,9.380131
SRH,1,RR,0,RR,0,300.1107143000001,269.29744900000003,310.3690476000001,265.5003401,0.4260869565217391,0.5486725663716814,SRH,1,9.026536,12.695051
CSK,1,MI,0,CSK,1,327.11764710000006,303.7829132,309.625,337.4324405,0.6178861788617886,0.5666666666666667,MI,0,16.900712,15.160852
KXIP,1,KKR,0,KXIP,1,410.0,325.0255102,388.7692308,371.8901099,0.5043478260869565,0.5175438596491229,KKR,0,9.380131,12.745465
SRH,1,DD,0,SRH,1,300.1107143000001,269.29744900000003,247.3797619,273.0392857,0.4310344827586207,0.41228070175438597,SRH,1,9.026536,8.076035
RCB,1,MI,0,RCB,1,249.259375,261.4392857,309.625,337.4324405,0.4956521739130435,0.5702479338842975,RCB,1,9.982425,15.160852
CSK,1,RR,0,CSK,1,327.11764710000006,303.7829132,310.3690476000001,265.5003401,0.6129032258064516,0.543859649122807,CSK,1,16.900712,12.695051
SRH,1,KXIP,0,SRH,1,300.1107143000001,269.29744900000003,410.0,325.0255102,0.4358974358974359,0.5,SRH,1,9.026536,9.380131
CSK,1,DD,0,CSK,1,327.11764710000006,303.7829132,247.3797619,273.0392857,0.616,0.40869565217391307,DD,0,16.900712,8.076035
KXIP,1,RCB,0,RCB,0,410.0,325.0255102,249.259375,261.4392857,0.4957264957264957,0.5,KXIP,1,9.380131,9.982425
MI,1,KKR,0,KKR,0,309.625,337.4324405,388.7692308,371.8901099,0.5655737704918032,0.5217391304347826,MI,1,15.160852,12.745465
SRH,1,RCB,0,SRH,1,300.1107143000001,269.29744900000003,249.259375,261.4392857,0.4406779661016949,0.4957264957264957,RCB,0,9.026536,9.982425
KXIP,1,CSK,0,KXIP,1,410.0,325.0255102,327.11764710000006,303.7829132,0.5,0.6111111111111112,CSK,0,9.380131,16.900712
RR,1,KKR,0,RR,1,310.3690476000001,265.5003401,388.7692308,371.8901099,0.5391304347826087,0.5172413793103449,RR,1,12.695051,12.745465
SRH,1,MI,0,SRH,1,300.1107143000001,269.29744900000003,309.625,337.4324405,0.4369747899159664,0.5691056910569106,MI,0,9.026536,15.160852
MI,1,CSK,0,MI,1,309.625,337.4324405,327.11764710000006,303.7829132,0.5725806451612904,0.6141732283464567,MI,1,15.160852,16.900712
RCB,1,CSK,0,CSK,0,249.259375,261.4392857,327.11764710000006,303.7829132,0.5,0.609375,CSK,0,9.982425,16.900712
MI,1,CSK,0,CSK,0,309.625,337.4324405,327.11764710000006,303.7829132,0.5760000000000001,0.6124031007751938,MI,1,15.160852,16.900712
MI,1,RPS,0,MI,1,418.3392857,394.1994048,310.1719955,312.97661560000006,0.5793650793650794,0.26666666666666666,RPS,0,15.160852,6.032793
DD,1,KKR,0,KKR,0,338.85714289999993,303.525,287.1166667,281.9285713999999,0.4137931034482759,0.5128205128205128,KKR,0,8.076035,12.745465
RCB,1,SRH,0,SRH,0,329.1875,274.8649554,276.52941180000005,222.2478992,0.4957983193277311,0.43333333333333335,RCB,1,9.982425,9.026536
KKR,1,MI,0,MI,0,287.1166667,281.9285713999999,418.3392857,394.1994048,0.5169491525423728,0.5748031496062992,MI,0,12.745465,15.160852
KXIP,1,DD,0,DD,0,299.4642857,312.2185374,338.85714289999993,303.525,0.4916666666666666,0.41025641025641024,DD,0,9.380131,8.076035
SRH,1,KKR,0,SRH,1,276.52941180000005,222.2478992,287.1166667,281.9285713999999,0.4297520661157025,0.5126050420168067,KKR,0,9.026536,12.745465
RPS,1,KXIP,0,RPS,1,310.1719955,312.97661560000006,299.4642857,312.2185374,0.2765957446808511,0.48760330578512395,KXIP,0,6.032793,9.380131
RCB,1,DD,0,DD,0,329.1875,274.8649554,338.85714289999993,303.525,0.5,0.4152542372881356,DD,0,9.982425,8.076035
MI,1,SRH,0,SRH,0,418.3392857,394.1994048,276.52941180000005,222.2478992,0.5736434108527132,0.4262295081967213,SRH,0,15.160852,9.026536
KXIP,1,KKR,0,KKR,0,299.4642857,312.2185374,287.1166667,281.9285713999999,0.4918032786885246,0.5166666666666667,KKR,0,9.380131,12.745465
RCB,1,MI,0,MI,0,329.1875,274.8649554,418.3392857,394.1994048,0.4958677685950413,0.5692307692307692,MI,0,9.982425,15.160852
RCB,1,RPS,0,RPS,0,329.1875,274.8649554,310.1719955,312.97661560000006,0.4918032786885246,0.2708333333333333,RCB,1,9.982425,6.032793
DD,1,MI,0,MI,0,338.85714289999993,303.525,418.3392857,394.1994048,0.4201680672268908,0.5725190839694656,DD,1,8.076035,15.160852
KXIP,1,SRH,0,SRH,0,299.4642857,312.2185374,276.52941180000005,222.2478992,0.4878048780487805,0.4354838709677419,SRH,0,9.380131,9.026536
RPS,1,KKR,0,KKR,0,310.1719955,312.97661560000006,287.1166667,281.9285713999999,0.2653061224489796,0.5206611570247934,KKR,0,6.032793,12.745465
MI,1,KXIP,0,KXIP,0,418.3392857,394.1994048,299.4642857,312.2185374,0.5681818181818182,0.4838709677419355,MI,1,15.160852,9.380131
SRH,1,RPS,0,RPS,0,276.52941180000005,222.2478992,310.1719955,312.97661560000006,0.44,0.26,RPS,0,9.026536,6.032793
KKR,1,MI,0,MI,0,287.1166667,281.9285713999999,418.3392857,394.1994048,0.5245901639344263,0.5714285714285714,MI,0,12.745465,15.160852
DD,1,KKR,0,KKR,0,338.85714289999993,303.525,287.1166667,281.9285713999999,0.4214876033057851,0.5203252032520326,DD,1,8.076035,12.745465
SRH,1,RCB,0,RCB,0,276.52941180000005,222.2478992,329.1875,274.8649554,0.4365079365079365,0.4919354838709678,SRH,1,9.026536,9.982425
RPS,1,MI,0,MI,0,310.1719955,312.97661560000006,418.3392857,394.1994048,0.2692307692307692,0.5746268656716418,MI,0,6.032793,15.160852
RCB,1,KKR,0,KKR,0,329.1875,274.8649554,287.1166667,281.9285713999999,0.488,0.5161290322580645,KKR,0,9.982425,12.745465
KKR,1,KXIP,0,KXIP,0,287.1166667,281.9285713999999,299.4642857,312.2185374,0.52,0.4841269841269841,KKR,1,12.745465,9.380131
DD,1,RPS,0,RPS,0,338.85714289999993,303.525,310.1719955,312.97661560000006,0.43089430894308944,0.2641509433962264,RPS,0,8.076035,6.032793
RPS,1,RCB,0,RCB,0,310.1719955,312.97661560000006,329.1875,274.8649554,0.2777777777777778,0.4841269841269841,RCB,0,6.032793,9.982425
KXIP,1,DD,0,DD,0,299.4642857,312.2185374,338.85714289999993,303.525,0.4803149606299213,0.4274193548387097,KXIP,1,9.380131,8.076035
SRH,1,MI,0,MI,0,276.52941180000005,222.2478992,418.3392857,394.1994048,0.4453125,0.5777777777777777,SRH,1,9.026536,15.160852
RCB,1,KXIP,0,KXIP,0,329.1875,274.8649554,299.4642857,312.2185374,0.4881889763779528,0.484375,RCB,1,9.982425,9.380131
SRH,1,RPS,0,SRH,1,276.52941180000005,222.2478992,310.1719955,312.97661560000006,0.4496124031007752,0.2727272727272727,SRH,1,9.026536,6.032793
RCB,1,MI,0,MI,0,329.1875,274.8649554,418.3392857,394.1994048,0.4921875,0.5735294117647058,MI,0,9.982425,15.160852
SRH,1,DD,0,DD,0,276.52941180000005,222.2478992,338.85714289999993,303.525,0.4538461538461538,0.424,DD,0,9.026536,8.076035
MI,1,KXIP,0,MI,1,418.3392857,394.1994048,299.4642857,312.2185374,0.5766423357664233,0.4806201550387597,KXIP,0,15.160852,9.380131
RPS,1,KKR,0,RPS,1,310.1719955,312.97661560000006,287.1166667,281.9285713999999,0.26785714285714285,0.5196850393700787,KKR,0,6.032793,12.745465
KXIP,1,SRH,0,KXIP,1,299.4642857,312.2185374,276.52941180000005,222.2478992,0.4846153846153846,0.450381679389313,SRH,0,9.380131,9.026536
MI,1,DD,0,DD,0,418.3392857,394.1994048,338.85714289999993,303.525,0.572463768115942,0.42857142857142855,MI,1,15.160852,8.076035
KKR,1,RCB,0,RCB,0,287.1166667,281.9285713999999,329.1875,274.8649554,0.5234375,0.4923076923076923,RCB,0,12.745465,9.982425
DD,1,RPS,0,RPS,0,338.85714289999993,303.525,310.1719955,312.97661560000006,0.4251968503937008,0.2631578947368421,RPS,0,8.076035,6.032793
RCB,1,KXIP,0,KXIP,0,329.1875,274.8649554,299.4642857,312.2185374,0.4961832061068702,0.4809160305343512,RCB,1,9.982425,9.380131
SRH,1,DD,0,DD,0,276.52941180000005,222.2478992,338.85714289999993,303.525,0.4545454545454545,0.421875,DD,0,9.026536,8.076035
KXIP,1,RPS,0,KXIP,1,299.4642857,312.2185374,310.1719955,312.97661560000006,0.4772727272727273,0.27586206896551724,RPS,0,9.380131,6.032793
KKR,1,SRH,0,SRH,0,287.1166667,281.9285713999999,276.52941180000005,222.2478992,0.5153846153846153,0.4511278195488722,KKR,1,12.745465,9.026536
DD,1,RCB,0,RCB,0,338.85714289999993,303.525,329.1875,274.8649554,0.4263565891472868,0.5,RCB,0,8.076035,9.982425
SRH,1,KKR,0,KKR,0,276.52941180000005,222.2478992,287.1166667,281.9285713999999,0.4477611940298508,0.5190839694656488,SRH,1,9.026536,12.745465
SRH,1,RCB,0,SRH,1,276.52941180000005,222.2478992,329.1875,274.8649554,0.4558823529411765,0.5074626865671642,SRH,1,9.026536,9.982425
SRH,1,RCB,0,RCB,0,398.85714289999993,319.8769841,399.4615385,309.8255495,0.4598540145985402,0.5037037037037037,SRH,1,9.026536,9.982425
RPS,1,MI,0,RPS,1,249.546875,249.2779514,265.6601307,304.0252101000001,0.288135593220339,0.5714285714285714,RPS,1,6.032793,15.160852
KXIP,1,RPS,0,KXIP,1,244.2142857,268.8730159,249.546875,249.2779514,0.4736842105263158,0.3,KXIP,1,9.380131,6.032793
RCB,1,DD,0,RCB,1,399.4615385,309.8255495,272.3392857,275.0734127,0.5,0.4230769230769231,RCB,1,9.982425,8.076035
MI,1,KKR,0,MI,1,265.6601307,304.0252101000001,256.15625,259.9321925,0.5673758865248227,0.5187969924812029,MI,1,15.160852,12.745465
KXIP,1,RCB,0,RCB,0,244.2142857,268.8730159,399.4615385,309.8255495,0.4776119402985074,0.5036496350364964,KXIP,1,9.380131,9.982425
DD,1,RPS,0,RPS,0,272.3392857,275.0734127,249.546875,249.2779514,0.4198473282442748,0.29508196721311475,DD,1,8.076035,6.032793
MI,1,SRH,0,MI,1,265.6601307,304.0252101000001,398.85714289999993,319.8769841,0.5704225352112676,0.4676258992805755,MI,1,15.160852,9.026536
KKR,1,KXIP,0,KKR,1,256.15625,259.9321925,244.2142857,268.8730159,0.5149253731343284,0.4814814814814815,KKR,1,12.745465,9.380131
MI,1,RCB,0,MI,1,265.6601307,304.0252101000001,399.4615385,309.8255495,0.5734265734265734,0.5,MI,1,15.160852,9.982425
KKR,1,SRH,0,SRH,0,256.15625,259.9321925,398.85714289999993,319.8769841,0.5185185185185185,0.4642857142857143,KKR,1,12.745465,9.026536
DD,1,KXIP,0,DD,1,272.3392857,275.0734127,244.2142857,268.8730159,0.42424242424242425,0.4779411764705882,DD,1,8.076035,9.380131
RPS,1,RCB,0,RCB,0,249.546875,249.2779514,399.4615385,309.8255495,0.2857142857142857,0.4964028776978418,RPS,1,6.032793,9.982425
KKR,1,DD,0,DD,0,256.15625,259.9321925,272.3392857,275.0734127,0.5220588235294118,0.42857142857142855,KKR,1,12.745465,8.076035
SRH,1,KXIP,0,KXIP,0,398.85714289999993,319.8769841,244.2142857,268.8730159,0.4609929078014184,0.4744525547445255,SRH,1,9.026536,9.380131
SRH,1,DD,0,SRH,1,398.85714289999993,319.8769841,272.3392857,275.0734127,0.4647887323943662,0.4253731343283582,SRH,1,9.026536,8.076035
MI,1,KXIP,0,MI,1,265.6601307,304.0252101000001,244.2142857,268.8730159,0.5793103448275863,0.4710144927536232,MI,1,15.160852,9.380131
MI,1,DD,0,DD,0,265.6601307,304.0252101000001,272.3392857,275.0734127,0.5821917808219178,0.4222222222222222,MI,1,15.160852,8.076035
RPS,1,SRH,0,RPS,1,249.546875,249.2779514,398.85714289999993,319.8769841,0.296875,0.4685314685314685,RPS,1,6.032793,9.026536
KKR,1,RCB,0,RCB,0,256.15625,259.9321925,399.4615385,309.8255495,0.5217391304347826,0.4964539007092199,KKR,1,12.745465,9.982425
RPS,1,MI,0,MI,0,249.546875,249.2779514,265.6601307,304.0252101000001,0.3076923076923077,0.5850340136054422,RPS,1,6.032793,15.160852
KKR,1,RPS,0,KKR,1,256.15625,259.9321925,249.546875,249.2779514,0.5251798561151079,0.3181818181818182,KKR,1,12.745465,6.032793
KKR,1,DD,0,KKR,1,256.15625,259.9321925,272.3392857,275.0734127,0.5285714285714286,0.4191176470588235,KKR,1,12.745465,8.076035
SRH,1,KXIP,0,KXIP,0,398.85714289999993,319.8769841,244.2142857,268.8730159,0.4652777777777778,0.4714285714285714,SRH,1,9.026536,9.380131
RPS,1,RCB,0,RCB,0,249.546875,249.2779514,399.4615385,309.8255495,0.31343283582089554,0.4895104895104895,RPS,1,6.032793,9.982425
KXIP,1,DD,0,KXIP,1,244.2142857,268.8730159,272.3392857,275.0734127,0.4680851063829787,0.4160583941605839,KXIP,1,9.380131,8.076035
SRH,1,KKR,0,KKR,0,398.85714289999993,319.8769841,256.15625,259.9321925,0.4689655172413793,0.5319148936170213,SRH,1,9.026536,12.745465
MI,1,RCB,0,RCB,0,265.6601307,304.0252101000001,399.4615385,309.8255495,0.5838926174496645,0.4861111111111111,MI,1,15.160852,9.982425
DD,1,SRH,0,DD,1,272.3392857,275.0734127,398.85714289999993,319.8769841,0.4130434782608696,0.4726027397260274,DD,1,8.076035,9.026536
RPS,1,KKR,0,RPS,1,249.546875,249.2779514,256.15625,259.9321925,0.3333333333333333,0.528169014084507,RPS,1,6.032793,12.745465
KXIP,1,RCB,0,RCB,0,244.2142857,268.8730159,399.4615385,309.8255495,0.471830985915493,0.4827586206896552,KXIP,1,9.380131,9.982425
RPS,1,SRH,0,SRH,0,249.546875,249.2779514,398.85714289999993,319.8769841,0.3428571428571429,0.4693877551020408,RPS,1,6.032793,9.026536
MI,1,DD,0,DD,0,265.6601307,304.0252101000001,272.3392857,275.0734127,0.5866666666666667,0.4214285714285714,MI,1,15.160852,8.076035
KKR,1,RCB,0,KKR,1,256.15625,259.9321925,399.4615385,309.8255495,0.5244755244755245,0.4794520547945205,KKR,1,12.745465,9.982425
SRH,1,MI,0,MI,0,398.85714289999993,319.8769841,265.6601307,304.0252101000001,0.4662162162162162,0.5894039735099338,SRH,1,9.026536,15.160852
KXIP,1,KKR,0,KKR,0,244.2142857,268.8730159,256.15625,259.9321925,0.4722222222222222,0.5277777777777778,KXIP,1,9.380131,12.745465
KXIP,1,MI,0,MI,0,244.2142857,268.8730159,265.6601307,304.0252101000001,0.4758620689655173,0.5855263157894737,KXIP,1,9.380131,15.160852
DD,1,RPS,0,DD,1,272.3392857,275.0734127,249.546875,249.2779514,0.4225352112676056,0.35211267605633795,DD,1,8.076035,6.032793
MI,1,KKR,0,KKR,0,265.6601307,304.0252101000001,256.15625,259.9321925,0.5816993464052288,0.5241379310344828,MI,1,15.160852,12.745465
RPS,1,KXIP,0,RPS,1,249.546875,249.2779514,244.2142857,268.8730159,0.3472222222222222,0.4794520547945205,RPS,1,6.032793,9.380131
RCB,1,DD,0,RCB,1,399.4615385,309.8255495,272.3392857,275.0734127,0.4761904761904762,0.42657342657342656,RCB,1,9.982425,8.076035
RPS,1,MI,0,MI,0,249.546875,249.2779514,265.6601307,304.0252101000001,0.3561643835616438,0.5844155844155844,RPS,1,6.032793,15.160852
KKR,1,SRH,0,KKR,1,256.15625,259.9321925,398.85714289999993,319.8769841,0.5205479452054794,0.4733333333333333,KKR,1,12.745465,9.026536
MI,1,KKR,0,MI,1,265.6601307,304.0252101000001,256.15625,259.9321925,0.5806451612903226,0.5238095238095238,MI,1,15.160852,12.745465
MI,1,RPS,0,MI,1,265.6601307,304.0252101000001,249.546875,249.2779514,0.5833333333333334,0.3648648648648649,MI,1,15.160852,6.032793
MI,1,CSK,0,CSK,0,334.6607143,296.8314626,275.3011364,322.2376736,0.5859872611464968,0.6076923076923076,CSK,0,15.160852,16.900712
DD,1,KXIP,0,KXIP,0,317.25,278.9384921,313.6047619,310.1144841,0.4236111111111111,0.4761904761904762,KXIP,0,8.076035,9.380131
RCB,1,KKR,0,KKR,0,337.4404762000001,299.8255952,268.73660710000007,246.5041667,0.4797297297297297,0.5202702702702703,KKR,0,9.982425,12.745465
RR,1,SRH,0,SRH,0,307.76,261.4831481,276.73529410000003,229.8008403,0.5431034482758621,0.4701986754966888,SRH,0,12.695051,9.026536
KKR,1,CSK,0,CSK,0,268.73660710000007,246.5041667,275.3011364,322.2376736,0.5234899328859061,0.6106870229007634,CSK,0,12.745465,16.900712
RR,1,DD,0,DD,0,307.76,261.4831481,317.25,278.9384921,0.5384615384615384,0.4206896551724138,RR,1,12.695051,8.076035
MI,1,SRH,0,SRH,0,334.6607143,296.8314626,276.73529410000003,229.8008403,0.5822784810126582,0.4736842105263158,SRH,0,15.160852,9.026536
KXIP,1,RCB,0,RCB,0,313.6047619,310.1144841,337.4404762000001,299.8255952,0.4797297297297297,0.4765100671140939,RCB,0,9.380131,9.982425
MI,1,DD,0,DD,0,334.6607143,296.8314626,317.25,278.9384921,0.5786163522012578,0.4178082191780822,DD,0,15.160852,8.076035
KKR,1,SRH,0,SRH,0,268.73660710000007,246.5041667,276.73529410000003,229.8008403,0.52,0.477124183006536,SRH,0,12.745465,9.026536
RR,1,RCB,0,RCB,0,307.76,261.4831481,337.4404762000001,299.8255952,0.5423728813559322,0.48,RR,1,12.695051,9.982425
KXIP,1,CSK,0,CSK,0,313.6047619,310.1144841,275.3011364,322.2376736,0.4765100671140939,0.6136363636363636,KXIP,1,9.380131,16.900712
KKR,1,DD,0,DD,0,268.73660710000007,246.5041667,317.25,278.9384921,0.5165562913907285,0.4217687074829932,KKR,1,12.745465,8.076035
MI,1,RCB,0,RCB,0,334.6607143,296.8314626,337.4404762000001,299.8255952,0.575,0.4768211920529801,MI,1,15.160852,9.982425
RR,1,KKR,0,KKR,0,307.76,261.4831481,268.73660710000007,246.5041667,0.5462184873949579,0.5197368421052632,KKR,0,12.695051,12.745465
KXIP,1,SRH,0,KXIP,1,313.6047619,310.1144841,276.73529410000003,229.8008403,0.48,0.4805194805194805,KXIP,1,9.380131,9.026536
CSK,1,RR,0,RR,0,275.3011364,322.2376736,307.76,261.4831481,0.6090225563909775,0.5416666666666666,CSK,1,16.900712,12.695051
KKR,1,KXIP,0,KXIP,0,268.73660710000007,246.5041667,313.6047619,310.1144841,0.5228758169934641,0.4834437086092716,KXIP,0,12.745465,9.380131
DD,1,RCB,0,RCB,0,317.25,278.9384921,337.4404762000001,299.8255952,0.4189189189189189,0.4736842105263158,RCB,0,8.076035,9.982425
CSK,1,SRH,0,SRH,0,275.3011364,322.2376736,276.73529410000003,229.8008403,0.6119402985074627,0.4774193548387097,CSK,1,16.900712,9.026536
MI,1,RR,0,MI,1,334.6607143,296.8314626,307.76,261.4831481,0.577639751552795,0.5371900826446281,RR,0,15.160852,12.695051
KXIP,1,DD,0,DD,0,313.6047619,310.1144841,317.25,278.9384921,0.4868421052631579,0.4161073825503356,KXIP,1,9.380131,8.076035
SRH,1,MI,0,MI,0,276.73529410000003,229.8008403,334.6607143,296.8314626,0.4743589743589744,0.5740740740740741,SRH,1,9.026536,15.160852
RCB,1,CSK,0,CSK,0,337.4404762000001,299.8255952,275.3011364,322.2376736,0.477124183006536,0.6148148148148148,CSK,0,9.982425,16.900712
SRH,1,KXIP,0,KXIP,0,276.73529410000003,229.8008403,313.6047619,310.1144841,0.4777070063694268,0.4901960784313725,SRH,1,9.026536,9.380131
DD,1,KKR,0,KKR,0,317.25,278.9384921,268.73660710000007,246.5041667,0.4133333333333333,0.5194805194805194,DD,1,8.076035,12.745465
CSK,1,MI,0,MI,0,275.3011364,322.2376736,334.6607143,296.8314626,0.6176470588235294,0.5705521472392638,MI,0,16.900712,15.160852
SRH,1,RR,0,SRH,1,276.73529410000003,229.8008403,307.76,261.4831481,0.4810126582278481,0.5409836065573771,SRH,1,9.026536,12.695051
RCB,1,KKR,0,KKR,0,337.4404762000001,299.8255952,268.73660710000007,246.5041667,0.474025974025974,0.5161290322580645,KKR,0,9.982425,12.745465
CSK,1,DD,0,DD,0,275.3011364,322.2376736,317.25,278.9384921,0.6131386861313869,0.4172185430463576,CSK,1,16.900712,8.076035
RCB,1,MI,0,MI,0,337.4404762000001,299.8255952,334.6607143,296.8314626,0.4709677419354839,0.573170731707317,RCB,1,9.982425,15.160852
DD,1,RR,0,RR,0,317.25,278.9384921,307.76,261.4831481,0.4144736842105263,0.5365853658536586,DD,1,8.076035,12.695051
CSK,1,KKR,0,KKR,0,275.3011364,322.2376736,268.73660710000007,246.5041667,0.6159420289855072,0.5192307692307693,KKR,0,16.900712,12.745465
KXIP,1,MI,0,MI,0,313.6047619,310.1144841,334.6607143,296.8314626,0.4870129870129871,0.5696969696969697,MI,0,9.380131,15.160852
RCB,1,CSK,0,CSK,0,337.4404762000001,299.8255952,275.3011364,322.2376736,0.4743589743589744,0.6115107913669064,CSK,0,9.982425,16.900712
DD,1,SRH,0,DD,1,317.25,278.9384921,276.73529410000003,229.8008403,0.4183006535947713,0.4842767295597484,SRH,0,8.076035,9.026536
MI,1,KKR,0,KKR,0,334.6607143,296.8314626,268.73660710000007,246.5041667,0.572289156626506,0.5222929936305732,MI,1,15.160852,12.745465
RR,1,KXIP,0,KXIP,0,307.76,261.4831481,313.6047619,310.1144841,0.532258064516129,0.4838709677419355,KXIP,0,12.695051,9.380131
SRH,1,RCB,0,RCB,0,276.73529410000003,229.8008403,337.4404762000001,299.8255952,0.4875,0.4713375796178344,SRH,1,9.026536,9.982425
RR,1,KXIP,0,RR,1,307.76,261.4831481,313.6047619,310.1144841,0.528,0.4871794871794872,RR,1,12.695051,9.380131
MI,1,KKR,0,KKR,0,334.6607143,296.8314626,268.73660710000007,246.5041667,0.5748502994011976,0.5189873417721519,MI,1,15.160852,12.745465
DD,1,SRH,0,DD,1,317.25,278.9384921,276.73529410000003,229.8008403,0.4155844155844156,0.4906832298136646,SRH,0,8.076035,9.026536
CSK,1,RR,0,CSK,1,275.3011364,322.2376736,307.76,261.4831481,0.6142857142857143,0.5317460317460317,RR,0,16.900712,12.695051
KKR,1,KXIP,0,KXIP,0,268.73660710000007,246.5041667,313.6047619,310.1144841,0.5157232704402516,0.4840764331210191,KKR,1,12.745465,9.380131
DD,1,RCB,0,RCB,0,317.25,278.9384921,337.4404762000001,299.8255952,0.4129032258064516,0.4683544303797468,RCB,0,8.076035,9.982425
SRH,1,CSK,0,CSK,0,276.73529410000003,229.8008403,275.3011364,322.2376736,0.4938271604938271,0.6099290780141844,CSK,0,9.026536,16.900712
MI,1,RR,0,RR,0,334.6607143,296.8314626,307.76,261.4831481,0.5773809523809523,0.5354330708661418,RR,0,15.160852,12.695051
KXIP,1,RCB,0,RCB,0,313.6047619,310.1144841,337.4404762000001,299.8255952,0.4810126582278481,0.4716981132075472,RCB,0,9.380131,9.982425
RR,1,KKR,0,KKR,0,307.76,261.4831481,268.73660710000007,246.5041667,0.5390625,0.51875,KKR,0,12.695051,12.745465
MI,1,KXIP,0,KXIP,0,334.6607143,296.8314626,313.6047619,310.1144841,0.5739644970414202,0.4779874213836478,MI,1,15.160852,9.380131
RCB,1,SRH,0,SRH,0,337.4404762000001,299.8255952,276.73529410000003,229.8008403,0.475,0.4907975460122699,RCB,1,9.982425,9.026536
DD,1,CSK,0,CSK,0,317.25,278.9384921,275.3011364,322.2376736,0.41025641025641024,0.6126760563380281,DD,1,8.076035,16.900712
RR,1,RCB,0,RR,1,307.76,261.4831481,337.4404762000001,299.8255952,0.5348837209302325,0.4782608695652174,RR,1,12.695051,9.982425
SRH,1,KKR,0,SRH,1,276.73529410000003,229.8008403,268.73660710000007,246.5041667,0.4878048780487805,0.5217391304347826,KKR,0,9.026536,12.745465
DD,1,MI,0,DD,1,317.25,278.9384921,334.6607143,296.8314626,0.4140127388535032,0.5764705882352941,DD,1,8.076035,15.160852
KXIP,1,CSK,0,CSK,0,313.6047619,310.1144841,275.3011364,322.2376736,0.475,0.6083916083916084,CSK,0,9.380131,16.900712
SRH,1,CSK,0,CSK,0,276.73529410000003,229.8008403,275.3011364,322.2376736,0.4848484848484849,0.6111111111111112,CSK,0,9.026536,16.900712
KKR,1,RR,0,RR,0,268.73660710000007,246.5041667,307.76,261.4831481,0.5246913580246914,0.5384615384615384,KKR,1,12.745465,12.695051
SRH,1,KKR,0,KKR,0,276.73529410000003,229.8008403,268.73660710000007,246.5041667,0.4819277108433735,0.5276073619631901,SRH,1,9.026536,12.745465
SRH,1,CSK,0,CSK,0,276.73529410000003,229.8008403,275.3011364,322.2376736,0.4850299401197605,0.6137931034482759,CSK,0,9.026536,16.900712
RCB,1,CSK,0,CSK,0,286.37142860000006,267.8791486,322.7647059,307.838265,0.4753086419753086,0.6164383561643836,CSK,0,9.982425,16.900712
SRH,1,KKR,0,KKR,0,384.8666667,312.9655243,406.85714289999993,286.291744,0.4821428571428572,0.5243902439024389,KKR,0,9.026536,12.745465
DD,1,MI,0,MI,0,299.56875,256.1392045,352.7638889,315.8209596000001,0.4177215189873418,0.5730994152046783,DD,1,8.076035,15.160852
KXIP,1,RR,0,RR,0,342.14285710000007,279.3951247,350.5714286000001,314.1829726,0.4720496894409938,0.5343511450381679,KXIP,1,9.380131,12.695051
DD,1,CSK,0,DD,1,299.56875,256.1392045,322.7647059,307.838265,0.42138364779874216,0.6190476190476191,CSK,0,8.076035,16.900712
KKR,1,KXIP,0,KXIP,0,406.85714289999993,286.291744,342.14285710000007,279.3951247,0.5272727272727272,0.4753086419753086,KKR,1,12.745465,9.380131
MI,1,RCB,0,RCB,0,352.7638889,315.8209596000001,286.37142860000006,267.8791486,0.5697674418604651,0.4723926380368098,MI,1,15.160852,9.982425
RR,1,SRH,0,RR,1,350.5714286000001,314.1829726,384.8666667,312.9655243,0.5303030303030303,0.4792899408284024,SRH,0,12.695051,9.026536
MI,1,KXIP,0,KXIP,0,352.7638889,315.8209596000001,342.14285710000007,279.3951247,0.5722543352601156,0.4723926380368098,KXIP,0,15.160852,9.380131
KKR,1,DD,0,DD,0,406.85714289999993,286.291744,299.56875,256.1392045,0.5301204819277109,0.41875,DD,0,12.745465,8.076035
SRH,1,RCB,0,RCB,0,384.8666667,312.9655243,286.37142860000006,267.8791486,0.4823529411764706,0.4695121951219512,SRH,1,9.026536,9.982425
CSK,1,RR,0,RR,0,322.7647059,307.838265,350.5714286000001,314.1829726,0.6216216216216216,0.5263157894736842,CSK,1,16.900712,12.695051
KXIP,1,DD,0,DD,0,342.14285710000007,279.3951247,299.56875,256.1392045,0.47560975609756106,0.42236024844720493,KXIP,1,9.380131,8.076035
RCB,1,RR,0,RR,0,286.37142860000006,267.8791486,350.5714286000001,314.1829726,0.4666666666666667,0.5223880597014925,RR,0,9.982425,12.695051
MI,1,CSK,0,CSK,0,352.7638889,315.8209596000001,322.7647059,307.838265,0.5689655172413793,0.6241610738255033,MI,1,15.160852,16.900712
DD,1,SRH,0,SRH,0,299.56875,256.1392045,384.8666667,312.9655243,0.41975308641975306,0.4853801169590643,SRH,0,8.076035,9.026536
RCB,1,KKR,0,KKR,0,286.37142860000006,267.8791486,406.85714289999993,286.291744,0.463855421686747,0.5269461077844312,KKR,0,9.982425,12.745465
CSK,1,KXIP,0,CSK,1,322.7647059,307.838265,342.14285710000007,279.3951247,0.62,0.4787878787878788,CSK,1,16.900712,9.380131
MI,1,SRH,0,SRH,0,352.7638889,315.8209596000001,384.8666667,312.9655243,0.5714285714285714,0.4883720930232558,MI,1,15.160852,9.026536
RCB,1,DD,0,DD,0,286.37142860000006,267.8791486,299.56875,256.1392045,0.4610778443113773,0.4171779141104294,DD,0,9.982425,8.076035
RR,1,KKR,0,KKR,0,350.5714286000001,314.1829726,406.85714289999993,286.291744,0.5259259259259259,0.5297619047619048,KKR,0,12.695051,12.745465
SRH,1,KXIP,0,KXIP,0,384.8666667,312.9655243,342.14285710000007,279.3951247,0.4855491329479769,0.4759036144578313,KXIP,0,9.026536,9.380131
KKR,1,CSK,0,CSK,0,406.85714289999993,286.291744,322.7647059,307.838265,0.5325443786982249,0.6225165562913907,CSK,0,12.745465,16.900712
KXIP,1,MI,0,MI,0,342.14285710000007,279.3951247,352.7638889,315.8209596000001,0.4790419161676647,0.5738636363636364,MI,0,9.380131,15.160852
RR,1,CSK,0,CSK,0,350.5714286000001,314.1829726,322.7647059,307.838265,0.5220588235294118,0.625,CSK,0,12.695051,16.900712
KKR,1,DD,0,DD,0,406.85714289999993,286.291744,299.56875,256.1392045,0.5294117647058824,0.4207317073170732,DD,0,12.745465,8.076035
MI,1,RR,0,RR,0,352.7638889,315.8209596000001,350.5714286000001,314.1829726,0.576271186440678,0.5182481751824818,RR,0,15.160852,12.695051
KXIP,1,RCB,0,RCB,0,342.14285710000007,279.3951247,286.37142860000006,267.8791486,0.4761904761904762,0.4583333333333333,RCB,0,9.380131,9.982425
KKR,1,CSK,0,CSK,0,406.85714289999993,286.291744,322.7647059,307.838265,0.5263157894736842,0.6274509803921569,CSK,0,12.745465,16.900712
DD,1,SRH,0,SRH,0,299.56875,256.1392045,384.8666667,312.9655243,0.42424242424242425,0.4827586206896552,DD,1,8.076035,9.026536
RCB,1,MI,0,MI,0,286.37142860000006,267.8791486,352.7638889,315.8209596000001,0.4615384615384616,0.5730337078651685,MI,0,9.982425,15.160852
KXIP,1,RR,0,RR,0,342.14285710000007,279.3951247,350.5714286000001,314.1829726,0.4733727810650887,0.5217391304347826,KXIP,1,9.380131,12.695051
CSK,1,SRH,0,CSK,1,322.7647059,307.838265,384.8666667,312.9655243,0.6298701298701299,0.48,SRH,0,16.900712,9.026536
MI,1,DD,0,MI,1,352.7638889,315.8209596000001,299.56875,256.1392045,0.5754189944134078,0.4277108433734939,MI,1,15.160852,8.076035
RCB,1,KKR,0,KKR,0,286.37142860000006,267.8791486,406.85714289999993,286.291744,0.4588235294117647,0.5232558139534884,RCB,1,9.982425,12.745465
MI,1,RR,0,RR,0,352.7638889,315.8209596000001,350.5714286000001,314.1829726,0.5777777777777777,0.5179856115107914,RR,0,15.160852,12.695051
KXIP,1,DD,0,DD,0,342.14285710000007,279.3951247,299.56875,256.1392045,0.4764705882352941,0.4251497005988024,DD,0,9.380131,8.076035
KKR,1,SRH,0,SRH,0,406.85714289999993,286.291744,384.8666667,312.9655243,0.5202312138728323,0.4829545454545455,SRH,0,12.745465,9.026536
RCB,1,CSK,0,CSK,0,286.37142860000006,267.8791486,322.7647059,307.838265,0.4619883040935672,0.6258064516129033,RCB,1,9.982425,16.900712
RR,1,DD,0,DD,0,350.5714286000001,314.1829726,299.56875,256.1392045,0.5214285714285715,0.42857142857142855,DD,0,12.695051,8.076035
SRH,1,CSK,0,CSK,0,384.8666667,312.9655243,322.7647059,307.838265,0.4858757062146893,0.6217948717948718,CSK,0,9.026536,16.900712
RCB,1,KXIP,0,KXIP,0,286.37142860000006,267.8791486,342.14285710000007,279.3951247,0.4651162790697674,0.4736842105263158,RCB,1,9.982425,9.380131
KKR,1,RR,0,RR,0,406.85714289999993,286.291744,350.5714286000001,314.1829726,0.5172413793103449,0.5177304964539007,RR,0,12.745465,12.695051
MI,1,CSK,0,CSK,0,352.7638889,315.8209596000001,322.7647059,307.838265,0.574585635359116,0.6242038216560509,MI,1,15.160852,16.900712
SRH,1,RR,0,RR,0,384.8666667,312.9655243,350.5714286000001,314.1829726,0.4831460674157304,0.5211267605633803,RR,0,9.026536,12.695051
DD,1,RCB,0,DD,1,299.56875,256.1392045,286.37142860000006,267.8791486,0.4319526627218935,0.4682080924855491,DD,1,8.076035,9.982425
KKR,1,MI,0,MI,0,406.85714289999993,286.291744,352.7638889,315.8209596000001,0.5142857142857142,0.5769230769230769,KKR,1,12.745465,15.160852
SRH,1,KXIP,0,KXIP,0,384.8666667,312.9655243,342.14285710000007,279.3951247,0.4804469273743017,0.4709302325581395,SRH,1,9.026536,9.380131
CSK,1,DD,0,DD,0,322.7647059,307.838265,299.56875,256.1392045,0.620253164556962,0.4352941176470588,CSK,1,16.900712,8.076035
MI,1,SRH,0,MI,1,352.7638889,315.8209596000001,384.8666667,312.9655243,0.5737704918032787,0.4833333333333333,MI,1,15.160852,9.026536
KXIP,1,KKR,0,KKR,0,342.14285710000007,279.3951247,406.85714289999993,286.291744,0.4682080924855491,0.5170454545454546,KKR,0,9.380131,12.745465
SRH,1,RCB,0,RCB,0,384.8666667,312.9655243,286.37142860000006,267.8791486,0.4806629834254144,0.4655172413793103,RCB,0,9.026536,9.982425
CSK,1,KXIP,0,KXIP,0,322.7647059,307.838265,342.14285710000007,279.3951247,0.6226415094339622,0.4655172413793103,KXIP,0,16.900712,9.380131
KKR,1,MI,0,MI,0,406.85714289999993,286.291744,352.7638889,315.8209596000001,0.519774011299435,0.5760869565217391,MI,0,12.745465,15.160852
CSK,1,MI,0,CSK,1,322.7647059,307.838265,352.7638889,315.8209596000001,0.61875,0.5783783783783784,MI,0,16.900712,15.160852
SRH,1,DD,0,DD,0,384.8666667,312.9655243,299.56875,256.1392045,0.4780219780219781,0.4327485380116959,DD,0,9.026536,8.076035
DD,1,CSK,0,CSK,0,299.56875,256.1392045,322.7647059,307.838265,0.43604651162790703,0.6149068322981367,CSK,0,8.076035,16.900712
