Year,Team,,Player,Strength For Model,Team
2008,CSK,2,ML Hayden,50.854166666666664,CSK
2008,CSK,6,SK Raina,41.76156747055547,CSK
2008,CSK,0,MEK Hussey,39.3578598105909,CSK
2008,CSK,7,JA Morkel,37.23852767602768,CSK
2008,CSK,4,MS Dhoni,34.63091494920055,CSK
2008,CSK,11,PA Patel,29.622603785103788,CSK
2008,CSK,8,L Balaji,29.24683847898134,CSK
2008,CSK,14,P Amarnath,27.833333333333332,CSK
2008,CSK,3,M Muralitharan,25.09871794871795,CSK
2008,CSK,13,SP Fleming,24.3,CSK
2008,CSK,1,M Ntini,24.0,CSK
2008,DD,191,MF Maharoof,43.21587301587302,DD
2008,DD,193,AB de Villiers,39.2038754070004,DD
2008,DD,184,S Dhawan,37.215695028011204,DD
2008,DD,186,V Sehwag,35.26755964623612,DD
2008,DD,182,G Gambhir,33.53892253023269,DD
2008,DD,189,A Mishra,31.19350331041507,DD
2008,DD,190,KD Karthik,30.41243403569254,DD
2008,DD,183,TM Dilshan,29.526190476190475,DD
2008,DD,187,DL Vettori,27.359462759462758,DD
2008,DD,194,VY Mahesh,25.21818181818182,DD
2008,DD,185,GD McGrath,24.5,DD
2008,KKR,483,Umar Gul,61.0,KKR
2008,KKR,480,Shoaib Akhtar,43.0,KKR
2008,KKR,477,Salman Butt,35.857142857142854,KKR
2008,KKR,470,BB McCullum,34.82855856264947,KKR
2008,KKR,489,BJ Hodge,33.09773909563826,KKR
2008,KKR,473,SC Ganguly,31.787142857142857,KKR
2008,KKR,475,DJ Hussey,29.466987179487177,KKR
2008,KKR,471,BAW Mendis,22.145833333333332,KKR
2008,KKR,472,WP Saha,21.384438723041665,KKR
2008,KKR,484,AB Agarkar,19.99308561808562,KKR
2008,KKR,474,AB Dinda,19.22692307692308,KKR
2008,KXIP,728,SE Marsh,45.27977115477116,KXIP
2008,KXIP,737,JR Hopes,42.63181818181818,KXIP
2008,KXIP,726,SM Katich,40.47222222222222,KXIP
2008,KXIP,730,KC Sangakkara,34.24596052096052,KXIP
2008,KXIP,736,Yuvraj Singh,32.66902264402264,KXIP
2008,KXIP,734,DPMD Jayawardene,30.549893162393165,KXIP
2008,KXIP,731,PP Chawla,30.19484508547009,KXIP
2008,KXIP,725,IK Pathan,27.92323373793962,KXIP
2008,KXIP,727,B Lee,25.969444444444445,KXIP
2008,KXIP,724,LA Pomersbach,23.691666666666666,KXIP
2008,KXIP,739,RR Sarwan,22.25,KXIP
2008,MI,979,CRD Fernando,46.1,MI
2008,MI,975,DJ Bravo,40.6436667903351,MI
2008,MI,973,DR Smith,40.230260480260476,MI
2008,MI,968,ST Jayasuriya,39.007936507936506,MI
2008,MI,974,SR Tendulkar,37.79711538461538,MI
2008,MI,971,SM Pollock,36.15384615384615,MI
2008,MI,970,RV Uthappa,36.02988782051282,MI
2008,MI,980,Harbhajan Singh,33.893274956897244,MI
2008,MI,976,A Nehra,33.65934574684575,MI
2008,MI,990,AM Rahane,31.891172716172715,MI
2008,MI,978,DS Kulkarni,29.345905483405485,MI
2008,RCB,1218,JH Kallis,46.89563279857397,RCB
2008,RCB,1217,V Kohli,40.937889194139196,RCB
2008,RCB,1221,Z Khan,31.604123376623374,RCB
2008,RCB,1224,AA Noffke,31.0,RCB
2008,RCB,1213,R Vinay Kumar,30.94126441740078,RCB
2008,RCB,1212,R Dravid,30.58499949124949,RCB
2008,RCB,1215,A Kumble,29.741666666666664,RCB
2008,RCB,1209,DW Steyn,27.057983193277312,RCB
2008,RCB,1222,CL White,25.247069597069597,RCB
2008,RCB,1208,LRPL Taylor,25.132096474953613,RCB
2008,RCB,1219,P Kumar,23.52782051282051,RCB
2008,RR,1582,Sohail Tanvir,58.81818181818182,RR
2008,RR,1584,SR Watson,53.59428205484355,RR
2008,RR,1585,AD Mascarenhas,43.68,RR
2008,RR,1590,Kamran Akmal,42.166666666666664,RR
2008,RR,1591,RA Jadeja,31.654063458900918,RR
2008,RR,1589,SK Warne,31.26694139194139,RR
2008,RR,1588,YK Pathan,29.786294036845508,RR
2008,RR,1583,GC Smith,29.710227272727273,RR
2008,RR,1587,MM Patel,26.496320346320346,RR
2008,RR,1592,SK Trivedi,23.160971055088698,RR
2008,RR,1581,NK Patel,19.075,RR
2008,SRH,1789,A Symonds,47.51988636363636,SRH
2008,SRH,1800,WPUJC Vaas,46.87777777777777,SRH
2008,SRH,1794,AC Gilchrist,39.94104853479853,SRH
2008,SRH,1790,RG Sharma,37.52201329587166,SRH
2008,SRH,1793,Shahid Afridi,35.5,SRH
2008,SRH,1801,HH Gibbs,33.88333333333333,SRH
2008,SRH,1791,SB Styris,33.5,SRH
2008,SRH,1802,RP Singh,27.934948979591837,SRH
2008,SRH,1805,DNT Zoysa,21.333333333333332,SRH
2008,SRH,1798,LPC Silva,21.0,SRH
2008,SRH,1795,PP Ojha,20.066666666666666,SRH
2009,CSK,19,ML Hayden,60.25,CSK
2009,CSK,26,JA Morkel,57.84615384615385,CSK
2009,CSK,24,A Flintoff,49.0,CSK
2009,CSK,23,SK Raina,38.5625,CSK
2009,CSK,29,T Thushara,37.125,CSK
2009,CSK,21,MS Dhoni,34.125,CSK
2009,CSK,32,L Balaji,32.333333333333336,CSK
2009,CSK,36,MS Gony,31.75,CSK
2009,CSK,33,PA Patel,31.692307692307693,CSK
2009,CSK,35,M Vijay,31.46919913419913,CSK
2009,CSK,30,Joginder Sharma,29.375,CSK
2009,DD,208,A Mishra,55.166666666666664,DD
2009,DD,202,MF Maharoof,54.6,DD
2009,DD,207,DA Warner,49.06926664022252,DD
2009,DD,209,G Gambhir,48.142857142857146,DD
2009,DD,214,V Sehwag,40.785714285714285,DD
2009,DD,218,VY Mahesh,40.27272727272727,DD
2009,DD,216,AM Salvi,31.55,DD
2009,DD,212,Y Nagar,30.01223776223776,DD
2009,DD,201,TM Dilshan,27.571428571428573,DD
2009,DD,211,DP Nannes,26.76965811965812,DD
2009,DD,215,DL Vettori,25.0,DD
2009,KKR,501,BB McCullum,63.75,KKR
2009,KKR,491,CK Langeveldt,55.0,KKR
2009,KKR,490,MN van Wyk,50.0,KKR
2009,KKR,496,CH Gayle,49.057622932622934,KKR
2009,KKR,504,SC Ganguly,48.15384615384615,KKR
2009,KKR,503,MC Henriques,39.458730158730155,KKR
2009,KKR,498,DJ Hussey,34.92307692307692,KKR
2009,KKR,494,AB Agarkar,30.11111111111111,KKR
2009,KKR,506,AD Mathews,29.07251082251082,KKR
2009,KKR,499,BAW Mendis,27.0,KKR
2009,KKR,497,LR Shukla,24.307692307692307,KKR
2009,KXIP,754,SM Katich,59.5,KXIP
2009,KXIP,747,KC Sangakkara,44.1,KXIP
2009,KXIP,753,IK Pathan,41.07142857142857,KXIP
2009,KXIP,759,LA Pomersbach,39.8,KXIP
2009,KXIP,746,RS Bopara,39.31111111111111,KXIP
2009,KXIP,752,PP Chawla,38.333333333333336,KXIP
2009,KXIP,748,B Lee,35.75,KXIP
2009,KXIP,749,Yuvraj Singh,32.53333333333333,KXIP
2009,KXIP,758,S Sreesanth,31.4,KXIP
2009,KXIP,750,RR Powar,25.0,KXIP
2009,KXIP,760,YA Abdulla,24.52777777777778,KXIP
2009,MI,995,DJ Bravo,58.888888888888886,MI
2009,MI,996,Harbhajan Singh,58.666666666666664,MI
2009,MI,1000,ST Jayasuriya,56.357142857142854,MI
2009,MI,999,GR Napier,41.0,MI
2009,MI,994,SR Tendulkar,38.857142857142854,MI
2009,MI,997,SL Malinga,37.25405324522971,MI
2009,MI,992,JP Duminy,36.079929792429795,MI
2009,MI,1008,S Dhawan,34.642857142857146,MI
2009,MI,1001,Z Khan,33.54545454545455,MI
2009,MI,1006,DS Kulkarni,28.7,MI
2009,MI,1002,YV Takawale,24.714285714285715,MI
2009,RCB,1246,D du Preez,59.0,RCB
2009,RCB,1232,LRPL Taylor,47.5,RCB
2009,RCB,1233,KP Pietersen,40.18603896103896,RCB
2009,RCB,1243,RE van der Merwe,37.86,RCB
2009,RCB,1238,SP Goswami,35.25,RCB
2009,RCB,1235,JD Ryder,33.688111888111884,RCB
2009,RCB,1245,P Kumar,33.61538461538461,RCB
2009,RCB,1240,R Dravid,32.57142857142857,RCB
2009,RCB,1244,RV Uthappa,31.714285714285715,RCB
2009,RCB,1236,JH Kallis,30.727272727272727,RCB
2009,RCB,1234,MV Boucher,30.5,RCB
2009,RR,1610,AD Mascarenhas,61.0,RR
2009,RR,1609,GC Smith,50.09090909090909,RR
2009,RR,1606,YK Pathan,49.0,RR
2009,RR,1614,SA Asnodkar,46.888888888888886,RR
2009,RR,1613,SK Warne,40.666666666666664,RR
2009,RR,1604,J Botha,35.77424242424242,RR
2009,RR,1601,A Singh,32.074074074074076,RR
2009,RR,1616,SM Harwood,32.0,RR
2009,RR,1605,LA Carseldine,30.2,RR
2009,RR,1617,NK Patel,28.4,RR
2009,RR,1603,M Morkel,25.60438311688312,RR
2009,SRH,1809,A Symonds,54.0,SRH
2009,SRH,1817,DR Smith,48.25,SRH
2009,SRH,1816,RG Sharma,46.07692307692308,SRH
2009,SRH,1813,AC Gilchrist,44.642857142857146,SRH
2009,SRH,1822,Y Venugopal Rao,35.63636363636363,SRH
2009,SRH,1819,RJ Harris,35.52051282051282,SRH
2009,SRH,1815,RP Singh,32.42857142857143,SRH
2009,SRH,1826,VVS Laxman,32.166666666666664,SRH
2009,SRH,1824,Harmeet Singh,28.8234126984127,SRH
2009,SRH,1814,WPUJC Vaas,28.8,SRH
2009,SRH,1811,HH Gibbs,26.666666666666668,SRH
2010,CSK,48,ML Hayden,63.0,CSK
2010,CSK,37,SK Raina,55.714285714285715,CSK
2010,CSK,49,SB Jakati,43.111111111111114,CSK
2010,CSK,50,MEK Hussey,39.3578598105909,CSK
2010,CSK,40,DE Bollinger,38.75534188034188,CSK
2010,CSK,38,R Ashwin,38.5,CSK
2010,CSK,47,JA Morkel,37.833333333333336,CSK
2010,CSK,44,T Thushara,36.5,CSK
2010,CSK,43,MS Dhoni,33.42857142857143,CSK
2010,CSK,42,M Muralitharan,32.69230769230769,CSK
2010,CSK,52,L Balaji,25.615384615384617,CSK
2010,DD,238,Y Nagar,75.0,DD
2010,DD,219,PD Collingwood,52.375,DD
2010,DD,233,AB de Villiers,44.666666666666664,DD
2010,DD,237,MF Maharoof,40.333333333333336,DD
2010,DD,236,TM Dilshan,39.285714285714285,DD
2010,DD,227,A Nehra,39.07692307692308,DD
2010,DD,225,A Mishra,36.54545454545455,DD
2010,DD,223,DL Vettori,34.857142857142854,DD
2010,DD,231,R Bhatia,33.125,DD
2010,DD,232,KD Karthik,32.666666666666664,DD
2010,DD,222,DP Nannes,31.923076923076923,DD
2010,KKR,523,CK Langeveldt,81.0,KKR
2010,KKR,529,BJ Hodge,52.5,KKR
2010,KKR,522,CH Gayle,38.714285714285715,KKR
2010,KKR,525,DJ Hussey,31.25,KKR
2010,KKR,526,BB McCullum,30.615384615384617,KKR
2010,KKR,521,SE Bond,29.5,KKR
2010,KKR,534,I Sharma,27.454545454545453,KKR
2010,KKR,514,OA Shah,23.13782051282051,KKR
2010,KKR,518,SC Ganguly,21.846153846153847,KKR
2010,KKR,531,BAW Mendis,20.75,KKR
2010,KKR,520,AD Mathews,20.0,KKR
2010,KXIP,769,IK Pathan,49.142857142857146,KXIP
2010,KXIP,765,SE Marsh,45.27977115477116,KXIP
2010,KXIP,766,Yuvraj Singh,43.07142857142857,KXIP
2010,KXIP,782,YA Abdulla,41.55555555555556,KXIP
2010,KXIP,771,RS Bopara,37.6,KXIP
2010,KXIP,781,B Lee,36.6,KXIP
2010,KXIP,773,KC Sangakkara,32.642857142857146,KXIP
2010,KXIP,767,DPMD Jayawardene,32.2,KXIP
2010,KXIP,772,PP Chawla,27.428571428571427,KXIP
2010,KXIP,775,MS Bisla,26.578571428571433,KXIP
2010,KXIP,780,SJ Srivastava,25.395833333333332,KXIP
2010,MI,1026,DJ Bravo,54.18181818181818,MI
2010,MI,1013,JP Duminy,46.30769230769231,MI
2010,MI,1018,CRD Fernando,46.1,MI
2010,MI,1021,ST Jayasuriya,38.416666666666664,MI
2010,MI,1012,SR Tendulkar,36.69230769230769,MI
2010,MI,1014,SL Malinga,35.38461538461539,MI
2010,MI,1020,KA Pollard,35.37463791927027,MI
2010,MI,1016,Harbhajan Singh,35.07692307692308,MI
2010,MI,1019,AT Rayudu,30.14473326982615,MI
2010,MI,1024,R McLaren,29.67777777777778,MI
2010,MI,1022,Z Khan,29.0,MI
2010,RCB,1267,MK Pandey,48.2,RCB
2010,RCB,1255,JH Kallis,42.13333333333333,RCB
2010,RCB,1260,RE van der Merwe,40.3,RCB
2010,RCB,1258,A Kumble,39.4375,RCB
2010,RCB,1253,KP Pietersen,37.5,RCB
2010,RCB,1272,SP Goswami,33.5,RCB
2010,RCB,1266,LRPL Taylor,32.18181818181818,RCB
2010,RCB,1268,P Kumar,32.07692307692308,RCB
2010,RCB,1270,R Vinay Kumar,27.272727272727273,RCB
2010,RCB,1265,CL White,25.247069597069597,RCB
2010,RCB,1259,R Dravid,25.153846153846153,RCB
2010,RR,1640,AP Dole,56.0,RR
2010,RR,1624,SR Watson,53.59428205484355,RR
2010,RR,1637,MM Patel,43.09090909090909,RR
2010,RR,1630,AD Mascarenhas,41.4,RR
2010,RR,1629,SK Warne,39.53846153846154,RR
2010,RR,1625,YK Pathan,37.69230769230769,RR
2010,RR,1635,Kamran Khan,36.2,RR
2010,RR,1626,NV Ojha,34.625,RR
2010,RR,1633,SW Tait,28.4375,RR
2010,RR,1623,AJ Finch,27.206837606837606,RR
2010,RR,1622,AC Voges,23.333333333333332,RR
2010,SRH,1829,WPUJC Vaas,66.5,SRH
2010,SRH,1831,A Symonds,59.625,SRH
2010,SRH,1837,AC Gilchrist,50.1875,SRH
2010,SRH,1833,RG Sharma,46.9375,SRH
2010,SRH,1844,DR Smith,41.25,SRH
2010,SRH,1841,MR Marsh,39.18888888888889,SRH
2010,SRH,1835,HH Gibbs,38.5,SRH
2010,SRH,1842,RP Singh,38.4375,SRH
2010,SRH,1830,TL Suman,34.166666666666664,SRH
2010,SRH,1834,PP Ojha,29.266666666666666,SRH
2010,SRH,1836,RJ Harris,28.375,SRH
2011,CSK,65,SK Raina,54.4375,CSK
2011,CSK,63,DE Bollinger,45.125,CSK
2011,CSK,69,M Vijay,44.266666666666666,CSK
2011,CSK,71,JA Morkel,39.07142857142857,CSK
2011,CSK,64,MS Dhoni,34.84615384615385,CSK
2011,CSK,76,SB Styris,33.5,CSK
2011,CSK,61,R Ashwin,30.916666666666668,CSK
2011,CSK,67,SB Jakati,29.90909090909091,CSK
2011,CSK,62,S Badrinath,26.9375,CSK
2011,CSK,73,KMDN Kulasekara,26.3,CSK
2011,CSK,74,TG Southee,21.62213976499691,CSK
2011,DD,242,RE van der Merwe,53.0,DD
2011,DD,250,IK Pathan,50.285714285714285,DD
2011,DD,258,AB McDonald,47.25,DD
2011,DD,241,JR Hopes,42.63181818181818,DD
2011,DD,243,V Sehwag,39.714285714285715,DD
2011,DD,247,DA Warner,38.27272727272727,DD
2011,DD,254,NV Ojha,37.07142857142857,DD
2011,DD,252,AM Salvi,31.55,DD
2011,DD,257,AB Dinda,31.0,DD
2011,DD,244,AJ Finch,27.0,DD
2011,DD,261,S Sriram,24.0,DD
2011,KKR,542,JH Kallis,68.25,KKR
2011,KKR,541,YK Pathan,44.42857142857143,KKR
2011,KKR,549,JD Unadkat,36.0,KKR
2011,KKR,552,LR Shukla,33.5,KKR
2011,KKR,545,Shakib Al Hasan,32.359478695324285,KKR
2011,KKR,544,G Gambhir,32.09090909090909,KKR
2011,KKR,550,MS Bisla,29.5,KKR
2011,KKR,551,L Balaji,29.142857142857142,KKR
2011,KKR,540,MK Tiwary,25.46153846153846,KKR
2011,KKR,543,R Bhatia,22.4,KKR
2011,KKR,546,BJ Haddin,22.0,KKR
2011,KTK,704,BJ Hodge,48.0,KTK
2011,KTK,709,DPMD Jayawardene,44.46153846153846,KTK
2011,KTK,714,R Vinay Kumar,32.857142857142854,KTK
2011,KTK,712,M Muralitharan,32.833333333333336,KTK
2011,KTK,706,RA Jadeja,31.654063458900918,KTK
2011,KTK,720,P Parameswaran,31.266666666666666,KTK
2011,KTK,708,BB McCullum,30.8,KTK
2011,KTK,711,PA Patel,28.5,KTK
2011,KTK,707,RP Singh,28.0,KTK
2011,KTK,717,OA Shah,28.0,KTK
2011,KTK,713,M Klinger,20.5,KTK
2011,KXIP,797,RJ Harris,55.125,KXIP
2011,KXIP,788,SE Marsh,48.75,KXIP
2011,KXIP,806,L Ablish,35.5,KXIP
2011,KXIP,796,KD Karthik,31.571428571428573,KXIP
2011,KXIP,794,AC Gilchrist,29.75,KXIP
2011,KXIP,798,PP Chawla,28.071428571428573,KXIP
2011,KXIP,804,AM Nayar,24.666666666666668,KXIP
2011,KXIP,803,DJ Hussey,23.166666666666668,KXIP
2011,KXIP,795,P Kumar,19.666666666666668,KXIP
2011,KXIP,792,R McLaren,18.7,KXIP
2011,KXIP,791,Bipul Sharma,18.6,KXIP
2011,MI,1040,A Symonds,58.0,MI
2011,MI,1048,KA Pollard,53.785714285714285,MI
2011,MI,1035,SR Tendulkar,51.6,MI
2011,MI,1037,Harbhajan Singh,40.53333333333333,MI
2011,MI,1039,RG Sharma,38.25,MI
2011,MI,1042,AT Rayudu,35.0,MI
2011,MI,1036,SL Malinga,30.76923076923077,MI
2011,MI,1033,JEC Franklin,30.708333333333332,MI
2011,MI,1034,AG Murtaza,27.666666666666668,MI
2011,MI,1045,TL Suman,27.142857142857142,MI
2011,MI,1041,DS Kulkarni,21.0,MI
2011,RCB,1275,CH Gayle,52.44444444444444,RCB
2011,RCB,1279,CK Langeveldt,39.0,RCB
2011,RCB,1294,R Ninan,36.0,RCB
2011,RCB,1282,SS Tiwary,33.125,RCB
2011,RCB,1281,Z Khan,31.714285714285715,RCB
2011,RCB,1276,DL Vettori,29.0,RCB
2011,RCB,1284,S Aravind,28.904444444444447,RCB
2011,RCB,1293,JJ van der Wath,27.333333333333332,RCB
2011,RCB,1280,TM Dilshan,25.5,RCB
2011,RCB,1291,A Mithun,25.0,RCB
2011,RCB,1277,V Kohli,23.8125,RCB
2011,RPS,1472,SC Ganguly,46.785714285714285,RPS
2011,RPS,1467,JP Faulkner,35.72311616954474,RPS
2011,RPS,1468,RV Uthappa,35.3125,RPS
2011,RPS,1477,JD Ryder,33.688111888111884,RPS
2011,RPS,1484,GC Smith,33.5,RPS
2011,RPS,1464,Yuvraj Singh,31.714285714285715,RPS
2011,RPS,1475,B Kumar,31.36844353903178,RPS
2011,RPS,1485,JE Taylor,30.6,RPS
2011,RPS,1479,WD Parnell,30.25,RPS
2011,RPS,1482,M Kartik,28.9,RPS
2011,RPS,1469,R Sharma,27.5,RPS
2011,RR,1652,SR Watson,68.5,RR
2011,RR,1647,J Botha,35.77424242424242,RR
2011,RR,1660,SW Tait,35.0,RR
2011,RR,1654,A Singh,32.074074074074076,RR
2011,RR,1657,AM Rahane,31.891172716172715,RR
2011,RR,1666,ND Doshi,29.0,RR
2011,RR,1658,SK Trivedi,28.0,RR
2011,RR,1665,Pankaj Singh,22.5,RR
2011,RR,1662,FY Fazal,22.3,RR
2011,RR,1653,R Dravid,21.0,RR
2011,RR,1650,SK Warne,19.785714285714285,RR
2011,SRH,1850,KC Sangakkara,41.23076923076923,SRH
2011,SRH,1853,A Mishra,35.357142857142854,SRH
2011,SRH,1865,MJ Lumb,33.72727272727273,SRH
2011,SRH,1860,JP Duminy,32.714285714285715,SRH
2011,SRH,1857,PP Ojha,32.625,SRH
2011,SRH,1861,DT Christian,31.358241758241757,SRH
2011,SRH,1864,Anand Rajan,29.75,SRH
2011,SRH,1851,DW Steyn,26.8,SRH
2011,SRH,1849,S Dhawan,26.6,SRH
2011,SRH,1855,I Sharma,23.0,SRH
2011,SRH,1859,Harmeet Singh,22.25,SRH
2012,CSK,81,MEK Hussey,45.357142857142854,CSK
2012,CSK,84,SK Raina,41.875,CSK
2012,CSK,87,RA Jadeja,38.5,CSK
2012,CSK,86,JA Morkel,38.333333333333336,CSK
2012,CSK,83,MS Dhoni,36.1875,CSK
2012,CSK,88,M Vijay,35.75,CSK
2012,CSK,91,DE Bollinger,35.30769230769231,CSK
2012,CSK,79,F du Plessis,33.56104287868994,CSK
2012,CSK,78,R Ashwin,33.0,CSK
2012,CSK,82,BW Hilfenhaus,32.95833333333333,CSK
2012,CSK,77,DJ Bravo,31.333333333333332,CSK
2012,DD,277,DAJ Bracewell,96.0,DD
2012,DD,267,V Sehwag,55.90909090909091,DD
2012,DD,263,KP Pietersen,40.18603896103896,DD
2012,DD,264,RE van der Merwe,39.0,DD
2012,DD,276,AD Russell,36.48796441653585,DD
2012,DD,275,IK Pathan,35.357142857142854,DD
2012,DD,270,M Morkel,34.36363636363637,DD
2012,DD,265,DA Warner,33.53846153846154,DD
2012,DD,271,DPMD Jayawardene,32.0,DD
2012,DD,280,Y Venugopal Rao,30.0,DD
2012,DD,282,AB Agarkar,29.428571428571427,DD
2012,KKR,564,JH Kallis,50.6,KKR
2012,KKR,569,YK Pathan,47.06666666666667,KKR
2012,KKR,563,Shakib Al Hasan,44.0,KKR
2012,KKR,559,SP Narine,37.388920454545456,KKR
2012,KKR,566,BB McCullum,34.15384615384615,KKR
2012,KKR,562,MK Tiwary,30.466666666666665,KKR
2012,KKR,558,G Gambhir,30.0,KKR
2012,KKR,565,Iqbal Abdulla,29.333333333333332,KKR
2012,KKR,570,RN ten Doeschate,25.0,KKR
2012,KKR,573,M de Lange,24.666666666666668,KKR
2012,KKR,572,JD Unadkat,23.714285714285715,KKR
2012,KXIP,827,PC Valthaty,56.357142857142854,KXIP
2012,KXIP,812,SE Marsh,48.285714285714285,KXIP
2012,KXIP,808,AD Mascarenhas,43.68,KXIP
2012,KXIP,807,AC Gilchrist,42.57142857142857,KXIP
2012,KXIP,815,PP Chawla,40.5,KXIP
2012,KXIP,813,RJ Harris,38.76923076923077,KXIP
2012,KXIP,817,Azhar Mahmood,38.12121212121212,KXIP
2012,KXIP,822,Harmeet Singh,37.5,KXIP
2012,KXIP,823,JP Faulkner,37.0,KXIP
2012,KXIP,818,Bipul Sharma,33.0,KXIP
2012,KXIP,811,DA Miller,30.929132326007327,KXIP
2012,MI,1051,SL Malinga,50.25,MI
2012,MI,1057,SR Tendulkar,43.375,MI
2012,MI,1052,DR Smith,40.230260480260476,MI
2012,MI,1060,MM Patel,39.333333333333336,MI
2012,MI,1054,AT Rayudu,34.6875,MI
2012,MI,1053,Harbhajan Singh,34.266666666666666,MI
2012,MI,1050,HH Gibbs,33.88333333333333,MI
2012,MI,1061,KA Pollard,31.125,MI
2012,MI,1071,AC Blizzard,30.833333333333332,MI
2012,MI,1055,RG Sharma,30.625,MI
2012,MI,1062,KD Karthik,27.857142857142858,MI
2012,RCB,1296,CH Gayle,85.0,RCB
2012,RCB,1302,V Kohli,48.875,RCB
2012,RCB,1315,S Aravind,44.0,RCB
2012,RCB,1305,HV Patel,32.521428571428565,RCB
2012,RCB,1311,J Syed Mohammad,30.0,RCB
2012,RCB,1306,R Vinay Kumar,29.846153846153847,RCB
2012,RCB,1300,TM Dilshan,29.8,RCB
2012,RCB,1298,AB de Villiers,28.3125,RCB
2012,RCB,1303,Z Khan,27.4,RCB
2012,RCB,1301,DL Vettori,27.384615384615383,RCB
2012,RCB,1307,MA Agarwal,23.375,RCB
2012,RPS,1495,JD Ryder,38.84615384615385,RPS
2012,RPS,1505,R Sharma,37.07142857142857,RPS
2012,RPS,1494,WD Parnell,34.25,RPS
2012,RPS,1508,A Nehra,33.65934574684575,RPS
2012,RPS,1499,MK Pandey,33.4,RPS
2012,RPS,1489,SPD Smith,33.37534013605442,RPS
2012,RPS,1493,RV Uthappa,31.5,RPS
2012,RPS,1500,AD Mathews,29.07251082251082,RPS
2012,RPS,1492,MJ Clarke,28.0,RPS
2012,RPS,1504,AC Thomas,26.90909090909091,RPS
2012,RPS,1497,AP Majumdar,24.5,RPS
2012,RR,1668,SR Watson,53.18181818181818,RR
2012,RR,1678,J Botha,48.5,RR
2012,RR,1671,SW Tait,47.75,RR
2012,RR,1680,KK Cooper,43.04920634920635,RR
2012,RR,1674,BJ Hodge,37.57142857142857,RR
2012,RR,1675,R Dravid,34.583333333333336,RR
2012,RR,1669,A Chandila,30.375,RR
2012,RR,1685,A Singh,24.444444444444443,RR
2012,RR,1676,GB Hogg,23.41111111111111,RR
2012,RR,1673,AL Menaria,21.846153846153847,RR
2012,RR,1681,SK Trivedi,19.666666666666668,RR
2012,SRH,1880,KC Sangakkara,44.30769230769231,SRH
2012,SRH,1875,A Mishra,42.0,SRH
2012,SRH,1887,Anand Rajan,41.5,SRH
2012,SRH,1872,S Dhawan,39.57142857142857,SRH
2012,SRH,1874,DT Christian,38.714285714285715,SRH
2012,SRH,1876,DJ Harris,37.0,SRH
2012,SRH,1868,JP Duminy,35.4,SRH
2012,SRH,1886,CA Lynn,34.93853021978022,SRH
2012,SRH,1869,DW Steyn,33.75,SRH
2012,SRH,1883,V Pratap Singh,26.88888888888889,SRH
2012,SRH,1879,MS Gony,26.666666666666668,SRH
2013,CSK,102,DJ Bravo,46.21052631578947,CSK
2013,CSK,94,MEK Hussey,44.125,CSK
2013,CSK,106,CH Morris,42.04093013468013,CSK
2013,CSK,96,SK Raina,34.578947368421055,CSK
2013,CSK,103,M Vijay,32.5,CSK
2013,CSK,100,RA Jadeja,29.157894736842106,CSK
2013,CSK,97,JA Morkel,28.9375,CSK
2013,CSK,107,JO Holder,28.611111111111114,CSK
2013,CSK,98,MS Dhoni,27.894736842105264,CSK
2013,CSK,95,MM Sharma,27.03194444444444,CSK
2013,CSK,104,DP Nannes,26.76965811965812,CSK
2013,DD,289,DA Warner,43.0,DD
2013,DD,291,V Sehwag,41.625,DD
2013,DD,300,M Morkel,39.5,DD
2013,DD,287,BJ Rohrer,31.25,DD
2013,DD,292,P Negi,30.125,DD
2013,DD,285,UT Yadav,28.764705882352942,DD
2013,DD,290,J Botha,28.454545454545453,DD
2013,DD,296,IK Pathan,28.235294117647058,DD
2013,DD,293,DPMD Jayawardene,28.125,DD
2013,DD,302,UBT Chand,26.0,DD
2013,DD,306,NV Ojha,24.77777777777778,DD
2013,KKR,583,JH Kallis,51.05882352941177,KKR
2013,KKR,586,MS Bisla,47.0,KKR
2013,KKR,575,SP Narine,45.266666666666666,KKR
2013,KKR,580,G Gambhir,44.94117647058823,KKR
2013,KKR,593,BB McCullum,40.333333333333336,KKR
2013,KKR,587,L Balaji,39.375,KKR
2013,KKR,577,SMSM Senanayake,30.375,KKR
2013,KKR,594,R McLaren,29.67777777777778,KKR
2013,KKR,579,B Lee,24.3,KKR
2013,KKR,585,R Bhatia,24.235294117647058,KKR
2013,KKR,588,MK Tiwary,23.3125,KKR
2013,KXIP,844,Azhar Mahmood,56.72727272727273,KXIP
2013,KXIP,835,AD Mascarenhas,55.0,KXIP
2013,KXIP,834,RJ Harris,49.0,KXIP
2013,KXIP,846,P Awana,38.416666666666664,KXIP
2013,KXIP,836,DJ Hussey,36.3125,KXIP
2013,KXIP,831,SE Marsh,36.07692307692308,KXIP
2013,KXIP,830,AC Gilchrist,35.57142857142857,KXIP
2013,KXIP,841,PP Chawla,34.5625,KXIP
2013,KXIP,842,Mandeep Singh,34.5625,KXIP
2013,KXIP,843,Sandeep Sharma,34.08962466105323,KXIP
2013,KXIP,848,Harmeet Singh,28.714285714285715,KXIP
2013,MI,1092,DS Kulkarni,93.0,MI
2013,MI,1074,KA Pollard,52.5,MI
2013,MI,1084,SL Malinga,48.357142857142854,MI
2013,MI,1087,NM Coulter-Nile,39.18465909090909,MI
2013,MI,1075,RG Sharma,37.76470588235294,MI
2013,MI,1077,DR Smith,36.142857142857146,MI
2013,MI,1094,MM Patel,35.916666666666664,MI
2013,MI,1083,SR Tendulkar,29.615384615384617,MI
2013,MI,1085,MG Johnson,28.615670712729536,MI
2013,MI,1093,YS Chahal,27.354840397697537,MI
2013,MI,1095,JJ Bumrah,25.973446196660483,MI
2013,RCB,1320,CH Gayle,64.46666666666667,RCB
2013,RCB,1337,DT Christian,59.0,RCB
2013,RCB,1332,AB McDonald,45.5,RCB
2013,RCB,1318,R Vinay Kumar,39.86666666666667,RCB
2013,RCB,1324,MC Henriques,39.458730158730155,RCB
2013,RCB,1325,M Muralitharan,39.1,RCB
2013,RCB,1333,TM Dilshan,35.4,RCB
2013,RCB,1338,KL Rahul,35.39574314574315,RCB
2013,RCB,1319,R Rampaul,31.3,RCB
2013,RCB,1326,AB de Villiers,30.5625,RCB
2013,RCB,1327,Z Khan,30.125,RCB
2013,RPS,1529,MN Samuels,42.625,RPS
2013,RPS,1524,MR Marsh,39.18888888888889,RPS
2013,RPS,1518,AD Mathews,37.666666666666664,RPS
2013,RPS,1527,KW Richardson,36.73015873015873,RPS
2013,RPS,1516,RV Uthappa,35.1875,RPS
2013,RPS,1533,AB Dinda,35.0,RPS
2013,RPS,1523,Yuvraj Singh,32.66902264402264,RPS
2013,RPS,1512,SPD Smith,32.53333333333333,RPS
2013,RPS,1514,AJ Finch,31.5,RPS
2013,RPS,1530,WD Parnell,27.0,RPS
2013,RPS,1519,B Kumar,22.181818181818183,RPS
2013,RR,1687,SR Watson,71.28571428571429,RR
2013,RR,1700,KK Cooper,54.833333333333336,RR
2013,RR,1689,AM Rahane,48.5625,RR
2013,RR,1693,JP Faulkner,46.5,RR
2013,RR,1705,Harmeet Singh,45.333333333333336,RR
2013,RR,1690,A Chandila,37.75,RR
2013,RR,1692,R Dravid,36.8125,RR
2013,RR,1698,OA Shah,35.38461538461539,RR
2013,RR,1694,SV Samson,32.825660054231484,RR
2013,RR,1707,GB Hogg,30.444444444444443,RR
2013,RR,1686,BJ Hodge,29.5,RR
2013,SRH,1892,S Dhawan,54.0,SRH
2013,SRH,1904,CL White,47.53846153846154,SRH
2013,SRH,1895,DW Steyn,43.25,SRH
2013,SRH,1907,Q de Kock,38.28632478632478,SRH
2013,SRH,1903,A Ashish Reddy,35.0,SRH
2013,SRH,1908,KC Sangakkara,25.75,SRH
2013,SRH,1898,A Mishra,24.857142857142858,SRH
2013,SRH,1894,DJG Sammy,24.7,SRH
2013,SRH,1900,KV Sharma,21.65083943833944,SRH
2013,SRH,1901,PA Patel,19.357142857142858,SRH
2013,SRH,1902,I Sharma,18.818691724941726,SRH
2014,CSK,125,DJ Bravo,58.77777777777778,CSK
2014,CSK,116,DR Smith,47.84615384615385,CSK
2014,CSK,115,SK Raina,42.72222222222222,CSK
2014,CSK,111,MS Dhoni,39.94444444444444,CSK
2014,CSK,121,F du Plessis,33.56104287868994,CSK
2014,CSK,120,MM Sharma,33.46666666666667,CSK
2014,CSK,119,RA Jadeja,33.27777777777778,CSK
2014,CSK,122,BW Hilfenhaus,32.95833333333333,CSK
2014,CSK,126,JW Hastings,27.0,CSK
2014,CSK,124,A Nehra,25.4,CSK
2014,CSK,114,R Ashwin,25.22222222222222,CSK
2014,DD,313,KP Pietersen,40.18603896103896,DD
2014,DD,312,WD Parnell,38.75,DD
2014,DD,315,KD Karthik,38.10526315789474,DD
2014,DD,316,Imran Tahir,36.59460784313726,DD
2014,DD,308,JP Duminy,36.079929792429795,DD
2014,DD,321,M Vijay,29.0,DD
2014,DD,320,JD Unadkat,27.0,DD
2014,DD,323,R Shukla,26.666666666666668,DD
2014,DD,310,MK Tiwary,23.8,DD
2014,DD,314,S Nadeem,23.666666666666668,DD
2014,DD,309,NM Coulter0Nile,22.0,DD
2014,KKR,607,JH Kallis,48.75,KKR
2014,KKR,610,R Vinay Kumar,45.0625,KKR
2014,KKR,597,SP Narine,42.4375,KKR
2014,KKR,596,RV Uthappa,35.625,KKR
2014,KKR,605,CA Lynn,34.93853021978022,KKR
2014,KKR,599,Shakib Al Hasan,32.359478695324285,KKR
2014,KKR,608,G Gambhir,31.9375,KKR
2014,KKR,609,UT Yadav,30.6875,KKR
2014,KKR,601,MK Pandey,29.571428571428573,KKR
2014,KKR,611,MS Bisla,29.071428571428573,KKR
2014,KKR,603,YK Pathan,28.1875,KKR
2014,KXIP,863,Sandeep Sharma,50.5,KXIP
2014,KXIP,851,DA Miller,49.833333333333336,KXIP
2014,KXIP,856,SE Marsh,49.375,KXIP
2014,KXIP,859,MG Johnson,41.23529411764706,KXIP
2014,KXIP,852,AR Patel,35.417289137877376,KXIP
2014,KXIP,857,Karanveer Singh,31.075,KXIP
2014,KXIP,867,BE Hendricks,30.916666666666664,KXIP
2014,KXIP,866,CA Pujara,30.5,KXIP
2014,KXIP,864,V Sehwag,30.153846153846153,KXIP
2014,KXIP,860,WP Saha,28.0,KXIP
2014,KXIP,861,L Balaji,26.76923076923077,KXIP
2014,MI,1103,Z Khan,70.5,MI
2014,MI,1106,MEK Hussey,57.411764705882355,MI
2014,MI,1098,KA Pollard,47.05555555555556,MI
2014,MI,1099,Harbhajan Singh,42.421052631578945,MI
2014,MI,1096,LMP Simmons,40.344780219780226,MI
2014,MI,1100,RG Sharma,38.1578947368421,MI
2014,MI,1113,K Santokie,35.5,MI
2014,MI,1105,JJ Bumrah,33.5,MI
2014,MI,1114,P Suyal,33.0,MI
2014,MI,1102,CJ Anderson,32.7310606060606,MI
2014,MI,1110,AP Tare,30.6,MI
2014,RCB,1348,CH Gayle,62.375,RCB
2014,RCB,1345,V Kohli,52.875,RCB
2014,RCB,1342,R Rampaul,42.6,RCB
2014,RCB,1351,AN Ahmed,41.5,RCB
2014,RCB,1346,MA Starc,40.89010989010988,RCB
2014,RCB,1341,AB de Villiers,36.0,RCB
2014,RCB,1343,Yuvraj Singh,33.84615384615385,RCB
2014,RCB,1352,PA Patel,32.53846153846154,RCB
2014,RCB,1357,HV Patel,32.521428571428565,RCB
2014,RCB,1355,AB Dinda,31.076923076923077,RCB
2014,RCB,1349,JA Morkel,30.625,RCB
2014,RR,1722,SR Watson,65.6875,RR
2014,RR,1710,JP Faulkner,52.375,RR
2014,RR,1719,KK Cooper,41.714285714285715,RR
2014,RR,1718,AM Rahane,36.888888888888886,RR
2014,RR,1728,Iqbal Abdulla,35.0,RR
2014,RR,1727,DS Kulkarni,33.333333333333336,RR
2014,RR,1720,SV Samson,31.181818181818183,RR
2014,RR,1725,BCJ Cutting,30.861111111111107,RR
2014,RR,1712,SPD Smith,30.571428571428573,RR
2014,RR,1715,STR Binny,30.235294117647058,RR
2014,RR,1724,KW Richardson,29.333333333333332,RR
2014,SRH,1925,DJG Sammy,44.3,SRH
2014,SRH,1917,AJ Finch,42.5,SRH
2014,SRH,1926,MC Henriques,40.6,SRH
2014,SRH,1915,S Dhawan,40.4,SRH
2014,SRH,1920,A Mishra,38.294117647058826,SRH
2014,SRH,1916,DW Steyn,36.294117647058826,SRH
2014,SRH,1911,DA Warner,34.6875,SRH
2014,SRH,1914,KV Sharma,31.53846153846154,SRH
2014,SRH,1919,IK Pathan,30.866666666666667,SRH
2014,SRH,1922,I Sharma,26.6875,SRH
2014,SRH,1912,B Kumar,25.75,SRH
2015,CSK,135,DR Smith,53.375,CSK
2015,CSK,137,SK Raina,48.3125,CSK
2015,CSK,134,A Nehra,48.0,CSK
2015,CSK,136,RA Jadeja,43.0,CSK
2015,CSK,129,BB McCullum,39.07142857142857,CSK
2015,CSK,141,MM Sharma,37.625,CSK
2015,CSK,139,MEK Hussey,31.11111111111111,CSK
2015,CSK,133,F du Plessis,30.6,CSK
2015,CSK,131,MS Dhoni,29.8125,CSK
2015,CSK,130,R Ashwin,29.0625,CSK
2015,CSK,132,IC Pandey,15.23076923076923,CSK
2015,DD,342,Yuvraj Singh,45.785714285714285,DD
2015,DD,330,JP Duminy,41.357142857142854,DD
2015,DD,338,NM Coulter-Nile,39.18465909090909,DD
2015,DD,343,Imran Tahir,39.166666666666664,DD
2015,DD,334,SS Iyer,32.583333333333336,DD
2015,DD,341,AD Mathews,29.07251082251082,DD
2015,DD,332,Q de Kock,28.0,DD
2015,DD,328,JA Morkel,24.0,DD
2015,DD,347,SS Tiwary,23.82345679012346,DD
2015,DD,344,JD Unadkat,23.555555555555557,DD
2015,DD,336,MK Tiwary,22.75,DD
2015,KKR,617,RV Uthappa,56.25,KKR
2015,KKR,626,Shakib Al Hasan,44.30769230769231,KKR
2015,KKR,628,Azhar Mahmood,38.12121212121212,KKR
2015,KKR,622,PP Chawla,37.0,KKR
2015,KKR,624,J Botha,35.77424242424242,KKR
2015,KKR,618,SP Narine,35.3125,KKR
2015,KKR,627,PJ Cummins,33.0,KKR
2015,KKR,623,MK Pandey,30.875,KKR
2015,KKR,620,M Morkel,30.0,KKR
2015,KKR,621,G Gambhir,26.3125,KKR
2015,KKR,613,YK Pathan,24.2,KKR
2015,KXIP,886,Karanveer Singh,58.4,KXIP
2015,KXIP,877,SE Marsh,55.5,KXIP
2015,KXIP,885,M Vohra,51.875,KXIP
2015,KXIP,881,GJ Maxwell,47.1875,KXIP
2015,KXIP,871,Sandeep Sharma,42.72727272727273,KXIP
2015,KXIP,870,DA Miller,41.125,KXIP
2015,KXIP,884,MG Johnson,37.214285714285715,KXIP
2015,KXIP,883,V Sehwag,35.94117647058823,KXIP
2015,KXIP,880,R Dhawan,33.92307692307692,KXIP
2015,KXIP,878,WP Saha,33.8235294117647,KXIP
2015,KXIP,874,AR Patel,33.35294117647059,KXIP
2015,MI,1117,LMP Simmons,67.5,MI
2015,MI,1118,M de Lange,45.0,MI
2015,MI,1130,S Gopal,42.5,MI
2015,MI,1116,SL Malinga,40.4,MI
2015,MI,1127,HH Pandya,36.8248434571964,MI
2015,MI,1123,RG Sharma,36.13333333333333,MI
2015,MI,1121,CJ Anderson,35.666666666666664,MI
2015,MI,1131,AJ Finch,32.46153846153846,MI
2015,MI,1124,AT Rayudu,31.466666666666665,MI
2015,MI,1122,MJ McClenaghan,31.221168831168832,MI
2015,MI,1120,Harbhajan Singh,29.428571428571427,MI
2015,RCB,1374,VR Aaron,44.7,RCB
2015,RCB,1360,AB de Villiers,39.07142857142857,RCB
2015,RCB,1362,MA Starc,36.857142857142854,RCB
2015,RCB,1366,HV Patel,34.666666666666664,RCB
2015,RCB,1361,V Kohli,34.285714285714285,RCB
2015,RCB,1372,KD Karthik,34.07142857142857,RCB
2015,RCB,1364,S Aravind,28.904444444444447,RCB
2015,RCB,1363,CH Gayle,28.22222222222222,RCB
2015,RCB,1365,D Wiese,24.571428571428573,RCB
2015,RCB,1373,YS Chahal,23.785714285714285,RCB
2015,RCB,1375,AN Ahmed,20.0,RCB
2015,RR,1740,Ankit Sharma,48.0,RR
2015,RR,1735,CH Morris,42.04093013468013,RR
2015,RR,1745,KK Nair,40.18181818181818,RR
2015,RR,1734,SR Watson,39.07692307692308,RR
2015,RR,1742,JP Faulkner,37.38461538461539,RR
2015,RR,1739,SV Samson,36.76923076923077,RR
2015,RR,1732,AM Rahane,34.84615384615385,RR
2015,RR,1744,R Bhatia,34.75,RR
2015,RR,1736,PV Tambe,30.46153846153846,RR
2015,RR,1738,DS Kulkarni,26.75,RR
2015,RR,1737,SPD Smith,24.0,RR
2015,SRH,1928,DA Warner,51.785714285714285,SRH
2015,SRH,1933,RS Bopara,39.31111111111111,SRH
2015,SRH,1934,B Kumar,36.642857142857146,SRH
2015,SRH,1931,KS Williamson,36.172922502334266,SRH
2015,SRH,1936,S Dhawan,35.42857142857143,SRH
2015,SRH,1944,NV Ojha,31.636363636363637,SRH
2015,SRH,1938,KV Sharma,30.714285714285715,SRH
2015,SRH,1940,TA Boult,30.409523809523808,SRH
2015,SRH,1937,A Ashish Reddy,26.1875,SRH
2015,SRH,1930,MC Henriques,26.0,SRH
2015,SRH,1941,DW Steyn,25.285714285714285,SRH
2016,DD,349,JP Duminy,56.07142857142857,DD
2016,DD,351,Q de Kock,54.666666666666664,DD
2016,DD,358,RR Pant,45.893303571428575,DD
2016,DD,354,NM Coulter-Nile,41.36363636363637,DD
2016,DD,362,Imran Tahir,41.2,DD
2016,DD,364,SS Iyer,40.42857142857143,DD
2016,DD,348,CH Morris,40.36363636363637,DD
2016,DD,355,P Negi,31.8,DD
2016,DD,363,MA Agarwal,28.8,DD
2016,DD,359,CR Brathwaite,27.9375,DD
2016,DD,356,Z Khan,26.142857142857142,DD
2016,GL,438,DJ Bravo,58.05882352941177,GL
2016,GL,436,BB McCullum,41.5,GL
2016,GL,429,DR Smith,36.875,GL
2016,GL,431,SK Raina,34.64705882352941,GL
2016,GL,428,DS Kulkarni,33.18181818181818,GL
2016,GL,430,RA Jadeja,31.176470588235293,GL
2016,GL,434,JP Faulkner,29.23076923076923,GL
2016,GL,442,Ishan Kishan,23.476298701298703,GL
2016,GL,433,KD Karthik,20.25,GL
2016,GL,437,DW Steyn,18.666666666666668,GL
2016,GL,441,PV Tambe,17.8,GL
2016,KKR,635,AD Russell,63.15384615384615,KKR
2016,KKR,637,RV Uthappa,41.84615384615385,KKR
2016,KKR,646,GB Hogg,40.0,KKR
2016,KKR,644,M Morkel,38.57142857142857,KKR
2016,KKR,641,CA Lynn,34.93853021978022,KKR
2016,KKR,640,Shakib Al Hasan,34.75,KKR
2016,KKR,630,YK Pathan,33.61538461538461,KKR
2016,KKR,631,G Gambhir,32.46153846153846,KKR
2016,KKR,643,Kuldeep Yadav,31.173611111111107,KKR
2016,KKR,642,JO Holder,28.611111111111114,KKR
2016,KKR,638,PP Chawla,27.53846153846154,KKR
2016,KXIP,899,AR Patel,43.857142857142854,KXIP
2016,KXIP,895,HM Amla,42.916666666666664,KXIP
2016,KXIP,903,DA Miller,37.84615384615385,KXIP
2016,KXIP,889,MP Stoinis,31.310714285714287,KXIP
2016,KXIP,891,M Vijay,29.454545454545453,KXIP
2016,KXIP,897,WP Saha,29.214285714285715,KXIP
2016,KXIP,892,Sandeep Sharma,27.5,KXIP
2016,KXIP,906,MG Johnson,27.444444444444443,KXIP
2016,KXIP,890,Anureet Singh,26.5,KXIP
2016,KXIP,902,MM Sharma,26.1875,KXIP
2016,KXIP,893,SE Marsh,25.5,KXIP
2016,MI,1152,LMP Simmons,56.30769230769231,MI
2016,MI,1145,JC Buttler,44.2084478021978,MI
2016,MI,1140,Harbhajan Singh,42.0,MI
2016,MI,1143,KA Pollard,40.625,MI
2016,MI,1137,KH Pandya,40.12414148351648,MI
2016,MI,1135,RG Sharma,39.0625,MI
2016,MI,1147,MJ McClenaghan,38.75,MI
2016,MI,1148,PA Patel,35.714285714285715,MI
2016,MI,1136,N Rana,34.763415750915755,MI
2016,MI,1146,MJ Guptill,29.365079365079367,MI
2016,MI,1142,TG Southee,29.142857142857142,MI
2016,RCB,1391,SR Watson,58.2,RCB
2016,RCB,1383,CH Gayle,46.142857142857146,RCB
2016,RCB,1382,AB de Villiers,44.4375,RCB
2016,RCB,1399,D Wiese,42.142857142857146,RCB
2016,RCB,1385,S Aravind,42.0,RCB
2016,RCB,1380,V Kohli,41.875,RCB
2016,RCB,1388,YS Chahal,40.53333333333333,RCB
2016,RCB,1397,KW Richardson,36.73015873015873,RCB
2016,RCB,1398,HV Patel,30.133333333333333,RCB
2016,RCB,1390,Iqbal Abdulla,27.6,RCB
2016,RCB,1389,TM Head,26.73809523809524,RCB
2016,RPS,1540,AM Rahane,48.07142857142857,RPS
2016,RPS,1541,A Zampa,45.88333333333333,RPS
2016,RPS,1558,JA Morkel,45.5,RPS
2016,RPS,1544,KP Pietersen,40.18603896103896,RPS
2016,RPS,1539,MR Marsh,39.18888888888889,RPS
2016,RPS,1542,MS Dhoni,31.705882352941178,RPS
2016,RPS,1546,F du Plessis,29.352941176470587,RPS
2016,RPS,1538,SPD Smith,28.714285714285715,RPS
2016,RPS,1557,RP Singh,27.934948979591837,RPS
2016,RPS,1548,IK Pathan,27.92323373793962,RPS
2016,RPS,1553,UT Khawaja,25.833333333333332,RPS
2016,SRH,1958,MC Henriques,70.11111111111111,SRH
2016,SRH,1946,DA Warner,56.357142857142854,SRH
2016,SRH,1952,B Kumar,36.92857142857143,SRH
2016,SRH,1956,A Nehra,34.8125,SRH
2016,SRH,1948,S Dhawan,34.42857142857143,SRH
2016,SRH,1961,TA Boult,34.42857142857143,SRH
2016,SRH,1950,BCJ Cutting,30.861111111111107,SRH
2016,SRH,1955,EJG Morgan,29.77777777777778,SRH
2016,SRH,1963,KV Sharma,28.642857142857142,SRH
2016,SRH,1957,A Ashish Reddy,28.166666666666668,SRH
2016,SRH,1949,KS Williamson,25.0,SRH
2017,DD,370,CH Morris,52.416666666666664,DD
2017,DD,376,K Rabada,46.79166666666667,DD
2017,DD,381,CR Brathwaite,38.0,DD
2017,DD,378,CJ Anderson,32.7310606060606,DD
2017,DD,377,KK Nair,32.642857142857146,DD
2017,DD,380,AD Mathews,29.07251082251082,DD
2017,DD,371,SV Samson,26.5,DD
2017,DD,375,SW Billings,26.4,DD
2017,DD,374,PJ Cummins,26.249999999999996,DD
2017,DD,373,RR Pant,26.1,DD
2017,DD,366,A Mishra,24.928571428571427,DD
2017,GL,460,DR Smith,56.416666666666664,GL
2017,GL,448,AJ Tye,41.01587301587302,GL
2017,GL,458,AJ Finch,40.0,GL
2017,GL,457,DS Kulkarni,38.285714285714285,GL
2017,GL,447,SK Raina,35.86666666666667,GL
2017,GL,451,KD Karthik,32.8125,GL
2017,GL,453,JJ Roy,31.3,GL
2017,GL,449,RA Jadeja,29.533333333333335,GL
2017,GL,467,SS Agarwal,29.0,GL
2017,GL,454,BB McCullum,26.875,GL
2017,GL,452,MM Patel,26.496320346320346,GL
2017,KKR,657,Kuldeep Yadav,52.666666666666664,KKR
2017,KKR,663,CR Woakes,40.99230769230769,KKR
2017,KKR,654,G Gambhir,40.86666666666667,KKR
2017,KKR,658,RV Uthappa,40.333333333333336,KKR
2017,KKR,662,YK Pathan,33.4,KKR
2017,KKR,666,TA Boult,31.0,KKR
2017,KKR,667,Shakib Al Hasan,29.6,KKR
2017,KKR,650,MK Pandey,29.416666666666668,KKR
2017,KKR,661,UT Yadav,27.88888888888889,KKR
2017,KKR,665,PP Chawla,27.5,KKR
2017,KKR,651,SP Narine,25.636363636363637,KKR
2017,KXIP,928,MP Stoinis,54.42857142857143,KXIP
2017,KXIP,920,WP Saha,34.083333333333336,KXIP
2017,KXIP,914,AR Patel,34.0,KXIP
2017,KXIP,912,SE Marsh,32.666666666666664,KXIP
2017,KXIP,930,Gurkeerat Singh,32.285714285714285,KXIP
2017,KXIP,910,HM Amla,31.833333333333332,KXIP
2017,KXIP,918,M Vohra,30.857142857142858,KXIP
2017,KXIP,917,Sandeep Sharma,29.071428571428573,KXIP
2017,KXIP,923,MM Sharma,27.571428571428573,KXIP
2017,KXIP,911,R Tewatia,26.361666666666668,KXIP
2017,KXIP,925,EJG Morgan,24.142857142857142,KXIP
2017,MI,1165,RG Sharma,44.57142857142857,MI
2017,MI,1156,KH Pandya,38.25,MI
2017,MI,1164,SL Malinga,37.25405324522971,MI
2017,MI,1158,N Rana,35.25,MI
2017,MI,1166,MJ McClenaghan,33.92857142857143,MI
2017,MI,1169,AT Rayudu,33.23076923076923,MI
2017,MI,1170,R Vinay Kumar,32.666666666666664,MI
2017,MI,1163,PA Patel,29.8,MI
2017,MI,1161,JJ Bumrah,28.0,MI
2017,MI,1168,TG Southee,26.545454545454547,MI
2017,MI,1154,Harbhajan Singh,25.857142857142858,MI
2017,RCB,1402,V Kohli,80.75,RCB
2017,RCB,1406,AB de Villiers,64.5,RCB
2017,RCB,1417,SR Watson,48.1875,RCB
2017,RCB,1409,YS Chahal,43.46153846153846,RCB
2017,RCB,1412,CH Gayle,38.2,RCB
2017,RCB,1408,A Choudhary,33.8,RCB
2017,RCB,1416,S Aravind,33.22222222222222,RCB
2017,RCB,1415,B Stanlake,30.875,RCB
2017,RCB,1418,AF Milne,29.0,RCB
2017,RCB,1414,TS Mills,28.2,RCB
2017,RCB,1422,Iqbal Abdulla,28.125,RCB
2017,RPS,1574,A Zampa,61.6,RPS
2017,RPS,1580,F du Plessis,48.166666666666664,RPS
2017,RPS,1570,AM Rahane,46.57142857142857,RPS
2017,RPS,1561,SPD Smith,43.125,RPS
2017,RPS,1565,BA Stokes,42.92022792022792,RPS
2017,RPS,1571,Imran Tahir,32.75,RPS
2017,RPS,1579,AB Dinda,32.333333333333336,RPS
2017,RPS,1568,MS Dhoni,32.142857142857146,RPS
2017,RPS,1569,DT Christian,31.358241758241757,RPS
2017,RPS,1567,RA Tripathi,28.53571428571429,RPS
2017,RPS,1575,SN Thakur,26.87852564102564,RPS
2017,SRH,1964,DA Warner,64.70588235294117,SRH
2017,SRH,1979,BCJ Cutting,53.0,SRH
2017,SRH,1969,B Kumar,41.529411764705884,SRH
2017,SRH,1972,S Dhawan,37.529411764705884,SRH
2017,SRH,1967,Rashid Khan,35.391409897292256,SRH
2017,SRH,1968,MC Henriques,35.0,SRH
2017,SRH,1974,CJ Jordan,33.333333333333336,SRH
2017,SRH,1970,KS Williamson,31.0,SRH
2017,SRH,1976,Mohammed Siraj,30.498316498316502,SRH
2017,SRH,1978,A Nehra,30.25,SRH
2017,SRH,1965,Mohammad Nabi,29.597222222222225,SRH
2018,CSK,155,KV Sharma,46.111111111111114,CSK
2018,CSK,144,L Ngidi,45.857142857142854,CSK
2018,CSK,149,SK Raina,42.214285714285715,CSK
2018,CSK,151,DJ Bravo,40.6436667903351,CSK
2018,CSK,153,Imran Tahir,38.333333333333336,CSK
2018,CSK,156,SW Billings,32.833333333333336,CSK
2018,CSK,162,KM Jadhav,31.692307692307693,CSK
2018,CSK,161,KM Asif,31.5,CSK
2018,CSK,158,M Vijay,31.46919913419913,CSK
2018,CSK,143,MS Dhoni,28.8125,CSK
2018,CSK,145,AT Rayudu,26.8,CSK
2018,DD,387,HV Patel,71.0,DD
2018,DD,393,CH Morris,59.666666666666664,DD
2018,DD,392,GJ Maxwell,43.285714285714285,DD
2018,DD,400,G Gambhir,40.875,DD
2018,DD,391,RR Pant,39.42857142857143,DD
2018,DD,386,S Lamichhane,37.166666666666664,DD
2018,DD,395,SS Iyer,36.166666666666664,DD
2018,DD,390,R Tewatia,34.666666666666664,DD
2018,DD,399,PP Shaw,32.826388888888886,DD
2018,DD,389,V Shankar,32.75,DD
2018,DD,394,DT Christian,32.07692307692308,DD
2018,KKR,673,CA Lynn,56.857142857142854,KKR
2018,KKR,678,RV Uthappa,46.285714285714285,KKR
2018,KKR,684,R Vinay Kumar,46.0,KKR
2018,KKR,680,MG Johnson,42.8,KKR
2018,KKR,675,AD Russell,36.48796441653585,KKR
2018,KKR,672,SP Narine,35.25,KKR
2018,KKR,669,KD Karthik,35.07142857142857,KKR
2018,KKR,670,N Rana,34.38461538461539,KKR
2018,KKR,682,TK Curran,30.8,KKR
2018,KKR,674,Kuldeep Yadav,27.5,KKR
2018,KKR,676,PP Chawla,25.666666666666668,KKR
2018,KXIP,934,AJ Tye,63.166666666666664,KXIP
2018,KXIP,938,AR Patel,49.214285714285715,KXIP
2018,KXIP,931,KL Rahul,35.39574314574315,KXIP
2018,KXIP,941,AJ Finch,32.0,KXIP
2018,KXIP,942,MK Tiwary,29.266666666666666,KXIP
2018,KXIP,933,CH Gayle,29.22222222222222,KXIP
2018,KXIP,946,Yuvraj Singh,29.083333333333332,KXIP
2018,KXIP,944,MM Sharma,28.928571428571427,KXIP
2018,KXIP,936,R Ashwin,28.838935881370094,KXIP
2018,KXIP,937,KK Nair,25.285714285714285,KXIP
2018,KXIP,935,DA Miller,22.2,KXIP
2018,MI,1174,KH Pandya,42.07692307692308,MI
2018,MI,1173,JP Duminy,36.079929792429795,MI
2018,MI,1184,KA Pollard,34.88235294117647,MI
2018,MI,1172,JJ Bumrah,34.25,MI
2018,MI,1176,MJ McClenaghan,33.5,MI
2018,MI,1182,Ishan Kishan,33.09090909090909,MI
2018,MI,1175,E Lewis,32.48717948717949,MI
2018,MI,1177,HH Pandya,32.1764705882353,MI
2018,MI,1181,RG Sharma,28.470588235294116,MI
2018,MI,1179,BCJ Cutting,21.75,MI
2018,MI,1178,M Markande,19.69047619047619,MI
2018,RCB,1440,P Negi,49.333333333333336,RCB
2018,RCB,1433,Mohammed Siraj,42.333333333333336,RCB
2018,RCB,1425,V Kohli,42.3,RCB
2018,RCB,1436,BB McCullum,42.18181818181818,RCB
2018,RCB,1438,CR Woakes,40.38461538461539,RCB
2018,RCB,1426,MM Ali,39.38181818181818,RCB
2018,RCB,1434,Q de Kock,38.28632478632478,RCB
2018,RCB,1423,AB de Villiers,35.111111111111114,RCB
2018,RCB,1427,PA Patel,34.0,RCB
2018,RCB,1430,UT Yadav,33.92857142857143,RCB
2018,RCB,1431,TG Southee,31.333333333333332,RCB
2018,RR,1758,BA Stokes,61.666666666666664,RR
2018,RR,1762,JD Unadkat,58.5,RR
2018,RR,1760,JC Archer,37.60909090909091,RR
2018,RR,1750,IS Sodhi,37.5,RR
2018,RR,1751,SV Samson,36.857142857142854,RR
2018,RR,1755,RA Tripathi,36.857142857142854,RR
2018,RR,1749,JC Buttler,34.5,RR
2018,RR,1753,AM Rahane,30.9375,RR
2018,RR,1754,S Gopal,27.85974025974026,RR
2018,RR,1752,DJM Short,25.285714285714285,RR
2018,RR,1765,STR Binny,24.75,RR
2018,SRH,1989,B Kumar,50.0,SRH
2018,SRH,1983,KS Williamson,45.714285714285715,SRH
2018,SRH,1985,S Dhawan,45.0,SRH
2018,SRH,1997,S Kaul,42.6,SRH
2018,SRH,1988,MK Pandey,37.714285714285715,SRH
2018,SRH,1987,Sandeep Sharma,35.69230769230769,SRH
2018,SRH,1984,Rashid Khan,34.142857142857146,SRH
2018,SRH,1992,AD Hales,31.5,SRH
2018,SRH,1995,B Stanlake,29.0,SRH
2018,SRH,1998,WP Saha,27.142857142857142,SRH
2018,SRH,2000,Basil Thampi,24.833333333333332,SRH
2019,CSK,174,SR Watson,59.266666666666666,CSK
2019,CSK,172,AT Rayudu,48.5625,CSK
2019,CSK,163,MS Dhoni,42.9375,CSK
2019,CSK,164,SK Raina,41.266666666666666,CSK
2019,CSK,169,MJ Santner,36.5,CSK
2019,CSK,173,DJ Bravo,35.8125,CSK
2019,CSK,165,F du Plessis,34.5,CSK
2019,CSK,178,SN Thakur,33.23076923076923,CSK
2019,CSK,176,KM Jadhav,29.0,CSK
2019,CSK,166,RA Jadeja,28.9375,CSK
2019,CSK,171,DL Chahar,26.916666666666668,CSK
2019,DD,407,RR Pant,66.85714285714286,DD
2019,DD,425,HV Patel,47.6,DD
2019,DD,417,K Rabada,46.79166666666667,DD
2019,DD,409,S Dhawan,44.375,DD
2019,DD,423,S Lamichhane,41.666666666666664,DD
2019,DD,411,SS Iyer,39.57142857142857,DD
2019,DD,414,PP Shaw,37.77777777777778,DD
2019,DD,419,TA Boult,37.285714285714285,DD
2019,DD,421,KMA Paul,35.25,DD
2019,DD,424,CH Morris,32.0,DD
2019,DD,410,A Mishra,30.3,DD
2019,KKR,698,CR Brathwaite,56.25,KKR
2019,KKR,688,SP Narine,55.75,KKR
2019,KKR,685,AD Russell,47.5,KKR
2019,KKR,691,KD Karthik,47.1875,KKR
2019,KKR,695,CA Lynn,39.3125,KKR
2019,KKR,697,M Prasidh Krishna,34.42857142857143,KKR
2019,KKR,687,N Rana,32.13333333333333,KKR
2019,KKR,690,Kuldeep Yadav,29.75,KKR
2019,KKR,693,RV Uthappa,29.4375,KKR
2019,KKR,694,PP Chawla,27.333333333333332,KKR
2019,KKR,692,HF Gurney,21.25,KKR
2019,KXIP,948,KL Rahul,66.35714285714286,KXIP
2019,KXIP,964,AJ Tye,49.714285714285715,KXIP
2019,KXIP,954,CH Gayle,46.0,KXIP
2019,KXIP,961,SM Curran,41.77777777777778,KXIP
2019,KXIP,955,AS Rajpoot,40.125,KXIP
2019,KXIP,951,M Ashwin,35.0,KXIP
2019,KXIP,966,KK Nair,33.69230769230769,KXIP
2019,KXIP,962,Mujeeb Ur Rahman,33.45454545454545,KXIP
2019,KXIP,956,N Pooran,30.428571428571427,KXIP
2019,KXIP,949,R Ashwin,28.785714285714285,KXIP
2019,KXIP,958,DA Miller,27.0,KXIP
2019,MI,1186,HH Pandya,63.38461538461539,MI
2019,MI,1205,AS Joseph,62.333333333333336,MI
2019,MI,1192,SA Yadav,49.92857142857143,MI
2019,MI,1195,KH Pandya,45.857142857142854,MI
2019,MI,1188,Q de Kock,42.125,MI
2019,MI,1200,E Lewis,38.30769230769231,MI
2019,MI,1201,SL Malinga,37.25405324522971,MI
2019,MI,1191,JJ Bumrah,33.285714285714285,MI
2019,MI,1197,MJ McClenaghan,32.72727272727273,MI
2019,MI,1198,Ishan Kishan,31.214285714285715,MI
2019,MI,1203,M Markande,30.714285714285715,MI
2019,RCB,1445,AB de Villiers,56.25,RCB
2019,RCB,1447,V Kohli,51.0,RCB
2019,RCB,1446,MM Ali,38.4,RCB
2019,RCB,1452,PA Patel,35.5,RCB
2019,RCB,1460,UT Yadav,35.214285714285715,RCB
2019,RCB,1462,H Klaasen,33.5,RCB
2019,RCB,1459,Mohammed Siraj,31.272727272727273,RCB
2019,RCB,1455,SO Hetmyer,27.6,RCB
2019,RCB,1453,DW Steyn,27.057983193277312,RCB
2019,RCB,1443,MP Stoinis,25.714285714285715,RCB
2019,RCB,1457,C de Grandhomme,25.444444444444443,RCB
2019,RR,1770,JC Buttler,58.92307692307692,RR
2019,RR,1777,R Parag,40.714285714285715,RR
2019,RR,1771,JC Archer,39.4,RR
2019,RR,1772,SV Samson,38.06666666666667,RR
2019,RR,1783,BA Stokes,36.53846153846154,RR
2019,RR,1776,K Gowtham,33.733333333333334,RR
2019,RR,1768,SPD Smith,33.37534013605442,RR
2019,RR,1774,O Thomas,33.25,RR
2019,RR,1773,S Gopal,32.72727272727273,RR
2019,RR,1775,AM Rahane,30.6,RR
2019,RR,1781,LS Livingstone,28.0,RR
2019,SRH,2005,JM Bairstow,65.5,SRH
2019,SRH,2011,KS Williamson,56.705882352941174,SRH
2019,SRH,2003,DA Warner,49.06926664022252,SRH
2019,SRH,2004,Rashid Khan,38.76470588235294,SRH
2019,SRH,2016,Shakib Al Hasan,38.1764705882353,SRH
2019,SRH,2017,S Kaul,30.470588235294116,SRH
2019,SRH,2009,MJ Guptill,29.365079365079367,SRH
2019,SRH,2022,Abhishek Sharma,28.0,SRH
2019,SRH,2007,MK Pandey,27.333333333333332,SRH
2019,SRH,2019,Basil Thampi,27.0,SRH
2019,SRH,2014,Sandeep Sharma,24.5,SRH
